{"F1-binary": 0.6995768688293371, "Precision-binary": 0.5501330967169477, "Recall-binary": 0.9604957397366383, "F1-macro": 0.34978843441466856, "Precision-macro": 0.27506654835847383, "Recall-macro": 0.48024786986831913, "F1-micro": 0.5379609544468547, "Precision-micro": 0.5379609544468547, "Recall-micro": 0.5379609544468547, "F1-weighted": 0.3918237473573424, "Precision-weighted": 0.30812226805274595, "Recall-weighted": 0.5379609544468547, "Sample size": 2305, "TP": 1240, "TN": 0, "FP": 1014, "FN": 51}