{"F1-binary": 0.6465726786582401, "Precision-binary": 1.0, "Recall-binary": 0.47772988505747127, "F1-macro": 0.32328633932912004, "Precision-macro": 0.5, "Recall-macro": 0.23886494252873564, "F1-micro": 0.47772988505747127, "Precision-micro": 0.47772988505747127, "Recall-micro": 0.47772988505747127, "F1-weighted": 0.6465726786582401, "Precision-weighted": 1.0, "Recall-weighted": 0.47772988505747127, "Sample size": 1392, "TP": 665, "TN": 0, "FP": 0, "FN": 727}