{"F1-binary": 0.5230769230769231, "Precision-binary": 0.3541666666666667, "Recall-binary": 1.0, "F1-macro": 0.26153846153846155, "Precision-macro": 0.17708333333333334, "Recall-macro": 0.5, "F1-micro": 0.3541666666666667, "Precision-micro": 0.3541666666666667, "Recall-micro": 0.3541666666666667, "F1-weighted": 0.18525641025641026, "Precision-weighted": 0.1254340277777778, "Recall-weighted": 0.3541666666666667, "Sample size": 720, "TP": 255, "TN": 0, "FP": 465, "FN": 0}