{"F1-binary": 0.4548104956268222, "Precision-binary": 0.2969543147208122, "Recall-binary": 0.970954356846473, "F1-macro": 0.2274052478134111, "Precision-macro": 0.1484771573604061, "Recall-macro": 0.4854771784232365, "F1-micro": 0.2943396226415094, "Precision-micro": 0.2943396226415094, "Recall-micro": 0.2943396226415094, "F1-weighted": 0.13787337037240774, "Precision-weighted": 0.09002011301599465, "Recall-weighted": 0.2943396226415094, "Sample size": 795, "TP": 234, "TN": 0, "FP": 554, "FN": 7}