{"F1-binary": 0.5480180899175313, "Precision-binary": 0.7987592089957348, "Recall-binary": 0.41708847944928124, "F1-macro": 0.27400904495876566, "Precision-macro": 0.3993796044978674, "Recall-macro": 0.20854423972464062, "F1-micro": 0.37742762916819345, "Precision-micro": 0.3774276291681935, "Recall-micro": 0.3774276291681935, "F1-weighted": 0.49590717224307207, "Precision-weighted": 0.7228053743550631, "Recall-weighted": 0.3774276291681935, "Sample size": 10916, "TP": 4120, "TN": 0, "FP": 1038, "FN": 5758}