{"F1-binary": 0.37126282909415437, "Precision-binary": 0.22807017543859648, "Recall-binary": 0.9976019184652278, "F1-macro": 0.18563141454707718, "Precision-macro": 0.11403508771929824, "Recall-macro": 0.4988009592326139, "F1-micro": 0.22794520547945205, "Precision-micro": 0.22794520547945205, "Recall-micro": 0.22794520547945205, "F1-weighted": 0.08483101355192459, "Precision-weighted": 0.05211247296322999, "Recall-weighted": 0.22794520547945205, "Sample size": 1825, "TP": 416, "TN": 0, "FP": 1408, "FN": 1}