{"F1-binary": 0.5943143490411487, "Precision-binary": 0.6626552628185842, "Recall-binary": 0.5387518345097491, "F1-macro": 0.29715717452057433, "Precision-macro": 0.3313276314092921, "Recall-macro": 0.26937591725487453, "F1-micro": 0.42279321029972305, "Precision-micro": 0.42279321029972305, "Recall-micro": 0.42279321029972305, "F1-weighted": 0.4663966885364738, "Precision-weighted": 0.5200281984079371, "Recall-weighted": 0.422793210299723, "Sample size": 36467, "TP": 15418, "TN": 0, "FP": 7849, "FN": 13200}