{"F1-binary": 0.7387592487194081, "Precision-binary": 0.8964088397790055, "Recall-binary": 0.6282671829622459, "F1-macro": 0.36937962435970406, "Precision-macro": 0.44820441988950277, "Recall-macro": 0.31413359148112296, "F1-micro": 0.5857400722021661, "Precision-micro": 0.5857400722021661, "Recall-micro": 0.5857400722021661, "F1-weighted": 0.6887529818837081, "Precision-weighted": 0.8357313461116541, "Recall-weighted": 0.5857400722021661, "Sample size": 1108, "TP": 649, "TN": 0, "FP": 75, "FN": 384}