{"F1-binary": 0.7631578947368423, "Precision-binary": 0.8055555555555556, "Recall-binary": 0.725, "F1-macro": 0.38157894736842113, "Precision-macro": 0.4027777777777778, "Recall-macro": 0.3625, "F1-micro": 0.6170212765957447, "Precision-micro": 0.6170212765957447, "Recall-micro": 0.6170212765957447, "F1-weighted": 0.6494960806270998, "Precision-weighted": 0.6855791962174941, "Recall-weighted": 0.6170212765957447, "Sample size": 47, "TP": 29, "TN": 0, "FP": 7, "FN": 11}