{"F1-binary": 0.33766233766233766, "Precision-binary": 0.203125, "Recall-binary": 1.0, "F1-macro": 0.16883116883116883, "Precision-macro": 0.1015625, "Recall-macro": 0.5, "F1-micro": 0.203125, "Precision-micro": 0.203125, "Recall-micro": 0.203125, "F1-weighted": 0.06858766233766234, "Precision-weighted": 0.041259765625, "Recall-weighted": 0.203125, "Sample size": 576, "TP": 117, "TN": 0, "FP": 459, "FN": 0}