{"F1-binary": 0.39956331877729256, "Precision-binary": 0.25416666666666665, "Recall-binary": 0.9336734693877551, "F1-macro": 0.19978165938864628, "Precision-macro": 0.12708333333333333, "Recall-macro": 0.46683673469387754, "F1-micro": 0.24965893587994542, "Precision-micro": 0.24965893587994542, "Recall-micro": 0.24965893587994542, "F1-weighted": 0.10684094199229105, "Precision-weighted": 0.06796271032287403, "Recall-weighted": 0.24965893587994542, "Sample size": 733, "TP": 183, "TN": 0, "FP": 537, "FN": 13}