{"F1-binary": 0.5739436619718311, "Precision-binary": 0.5361842105263158, "Recall-binary": 0.6174242424242424, "F1-macro": 0.28697183098591555, "Precision-macro": 0.2680921052631579, "Recall-macro": 0.3087121212121212, "F1-micro": 0.4024691358024691, "Precision-micro": 0.4024691358024691, "Recall-micro": 0.4024691358024691, "F1-weighted": 0.37412623891497143, "Precision-weighted": 0.34951267056530216, "Recall-weighted": 0.4024691358024691, "Sample size": 405, "TP": 163, "TN": 0, "FP": 141, "FN": 101}