{"F1-binary": 0.8202020202020202, "Precision-binary": 0.8458333333333333, "Recall-binary": 0.796078431372549, "F1-macro": 0.4101010101010101, "Precision-macro": 0.42291666666666666, "Recall-macro": 0.3980392156862745, "F1-micro": 0.6952054794520548, "Precision-micro": 0.6952054794520548, "Recall-micro": 0.6952054794520548, "F1-weighted": 0.716272312162723, "Precision-weighted": 0.7386558219178082, "Recall-weighted": 0.6952054794520548, "Sample size": 292, "TP": 203, "TN": 0, "FP": 37, "FN": 52}