{"F1-binary": 0.5068380293293788, "Precision-binary": 0.3757267796941418, "Recall-binary": 0.77849767159344, "F1-macro": 0.2534190146646894, "Precision-macro": 0.1878633898470709, "Recall-macro": 0.38924883579672, "F1-micro": 0.339439417347164, "Precision-micro": 0.339439417347164, "Recall-micro": 0.339439417347164, "F1-weighted": 0.22099077703445616, "Precision-weighted": 0.16382384152808355, "Recall-weighted": 0.339439417347164, "Sample size": 22655, "TP": 7690, "TN": 0, "FP": 12777, "FN": 2188}