{"F1-binary": 0.399208419537645, "Precision-binary": 0.8940370668815472, "Recall-binary": 0.2569774174869716, "F1-macro": 0.1996042097688225, "Precision-macro": 0.4470185334407736, "Recall-macro": 0.1284887087434858, "F1-micro": 0.24938188356934143, "Precision-micro": 0.24938188356934143, "Recall-micro": 0.24938188356934143, "F1-weighted": 0.38740893489633227, "Precision-weighted": 0.8676118310319353, "Recall-weighted": 0.24938188356934143, "Sample size": 17796, "TP": 4438, "TN": 0, "FP": 526, "FN": 12832}