{"F1-binary": 0.557277628032345, "Precision-binary": 0.6663980660757454, "Recall-binary": 0.4788650839606254, "F1-macro": 0.2786388140161725, "Precision-macro": 0.3331990330378727, "Recall-macro": 0.2394325419803127, "F1-micro": 0.3862680990191499, "Precision-micro": 0.38626809901914994, "Recall-micro": 0.38626809901914994, "F1-weighted": 0.44951819879115357, "Precision-weighted": 0.5375382812297115, "Recall-weighted": 0.38626809901914994, "Sample size": 21410, "TP": 8270, "TN": 0, "FP": 4140, "FN": 9000}