{"F1-binary": 0.4918032786885246, "Precision-binary": 0.35714285714285715, "Recall-binary": 0.7894736842105263, "F1-macro": 0.2459016393442623, "Precision-macro": 0.17857142857142858, "Recall-macro": 0.39473684210526316, "F1-micro": 0.32608695652173914, "Precision-micro": 0.32608695652173914, "Recall-micro": 0.32608695652173914, "F1-weighted": 0.20313613684960796, "Precision-weighted": 0.14751552795031056, "Recall-weighted": 0.32608695652173914, "Sample size": 92, "TP": 30, "TN": 0, "FP": 54, "FN": 8}