{"F1-binary": 0.4399008674101611, "Precision-binary": 0.29657477025898077, "Recall-binary": 0.8513189448441247, "F1-macro": 0.21995043370508055, "Precision-macro": 0.14828738512949038, "Recall-macro": 0.42565947242206237, "F1-micro": 0.2819698173153296, "Precision-micro": 0.2819698173153296, "Recall-micro": 0.2819698173153296, "F1-weighted": 0.1457018758618246, "Precision-weighted": 0.09823008673391181, "Recall-weighted": 0.2819698173153296, "Sample size": 1259, "TP": 355, "TN": 0, "FP": 842, "FN": 62}