{"F1-binary": 0.5376315079579174, "Precision-binary": 0.8052525252525252, "Recall-binary": 0.40352298036039685, "F1-macro": 0.2688157539789587, "Precision-macro": 0.4026262626262626, "Recall-macro": 0.20176149018019843, "F1-micro": 0.3676443460616122, "Precision-micro": 0.3676443460616122, "Recall-micro": 0.3676443460616122, "F1-weighted": 0.4898288171562726, "Precision-weighted": 0.7336547172518395, "Recall-weighted": 0.3676443460616122, "Sample size": 10842, "TP": 3986, "TN": 0, "FP": 964, "FN": 5892}