{"F1-binary": 0.5423608088322583, "Precision-binary": 0.44520236471123237, "Recall-binary": 0.6937639198218263, "F1-macro": 0.2711804044161292, "Precision-macro": 0.22260118235561618, "Recall-macro": 0.34688195991091314, "F1-micro": 0.3720816592463894, "Precision-micro": 0.3720816592463894, "Recall-micro": 0.3720816592463894, "F1-weighted": 0.29088066400505197, "Precision-weighted": 0.23877234002701453, "Recall-weighted": 0.3720816592463894, "Sample size": 18418, "TP": 6853, "TN": 0, "FP": 8540, "FN": 3025}