{"F1-binary": 0.29520295202952024, "Precision-binary": 0.17328519855595667, "Recall-binary": 0.995850622406639, "F1-macro": 0.14760147601476012, "Precision-macro": 0.08664259927797834, "Recall-macro": 0.4979253112033195, "F1-micro": 0.17316017316017315, "Precision-micro": 0.17316017316017315, "Recall-micro": 0.17316017316017315, "F1-weighted": 0.051330383433704455, "Precision-weighted": 0.030131120383827963, "Recall-weighted": 0.17316017316017315, "Sample size": 1386, "TP": 240, "TN": 0, "FP": 1145, "FN": 1}