{"F1-binary": 0.6736842105263158, "Precision-binary": 0.5680473372781065, "Recall-binary": 0.8275862068965517, "F1-macro": 0.3368421052631579, "Precision-macro": 0.28402366863905326, "Recall-macro": 0.41379310344827586, "F1-micro": 0.5079365079365079, "Precision-micro": 0.5079365079365079, "Recall-micro": 0.5079365079365079, "F1-weighted": 0.4134781397939292, "Precision-weighted": 0.34864281018127175, "Recall-weighted": 0.5079365079365079, "Sample size": 2268, "TP": 1152, "TN": 0, "FP": 876, "FN": 240}