{"F1-binary": 0.7956583294006606, "Precision-binary": 0.7762430939226519, "Recall-binary": 0.8160696999031946, "F1-macro": 0.3978291647003303, "Precision-macro": 0.38812154696132595, "Recall-macro": 0.4080348499515973, "F1-micro": 0.6606583072100314, "Precision-micro": 0.6606583072100314, "Recall-micro": 0.6606583072100314, "F1-weighted": 0.6441340550712245, "Precision-weighted": 0.6284162351270371, "Recall-weighted": 0.6606583072100314, "Sample size": 1276, "TP": 843, "TN": 0, "FP": 243, "FN": 190}