{"F1-binary": 0.33700530395756834, "Precision-binary": 0.2030481809242871, "Recall-binary": 0.9904076738609112, "F1-macro": 0.16850265197878417, "Precision-macro": 0.10152409046214356, "Recall-macro": 0.4952038369304556, "F1-micro": 0.20264965652600586, "Precision-micro": 0.2026496565260059, "Recall-micro": 0.2026496565260059, "F1-weighted": 0.06895545228179882, "Precision-weighted": 0.04154616852081831, "Recall-weighted": 0.2026496565260059, "Sample size": 2038, "TP": 413, "TN": 0, "FP": 1621, "FN": 4}