{"F1-binary": 0.7068273092369477, "Precision-binary": 0.5714285714285714, "Recall-binary": 0.9263157894736842, "F1-macro": 0.35341365461847385, "Precision-macro": 0.2857142857142857, "Recall-macro": 0.4631578947368421, "F1-micro": 0.546583850931677, "Precision-micro": 0.546583850931677, "Recall-micro": 0.546583850931677, "F1-weighted": 0.41707201476714306, "Precision-weighted": 0.33717834960070986, "Recall-weighted": 0.546583850931677, "Sample size": 161, "TP": 88, "TN": 0, "FP": 66, "FN": 7}