{"F1-binary": 0.7533274179236912, "Precision-binary": 0.881619937694704, "Recall-binary": 0.6576297443841983, "F1-macro": 0.3766637089618456, "Precision-macro": 0.440809968847352, "Recall-macro": 0.32881487219209915, "F1-micro": 0.604270462633452, "Precision-micro": 0.604270462633452, "Recall-micro": 0.604270462633452, "F1-weighted": 0.6922033427327298, "Precision-weighted": 0.8100863626789059, "Recall-weighted": 0.604270462633452, "Sample size": 1405, "TP": 849, "TN": 0, "FP": 114, "FN": 442}