{"F1-binary": 0.4479073909171861, "Precision-binary": 0.28858290304073436, "Recall-binary": 1.0, "F1-macro": 0.22395369545859306, "Precision-macro": 0.14429145152036718, "Recall-macro": 0.5, "F1-micro": 0.28858290304073436, "Precision-micro": 0.28858290304073436, "Recall-micro": 0.28858290304073436, "F1-weighted": 0.12925841516428263, "Precision-weighted": 0.08328009192741789, "Recall-weighted": 0.28858290304073436, "Sample size": 1743, "TP": 503, "TN": 0, "FP": 1240, "FN": 0}