{"F1-binary": 0.3819095477386935, "Precision-binary": 0.2389937106918239, "Recall-binary": 0.95, "F1-macro": 0.19095477386934676, "Precision-macro": 0.11949685534591195, "Recall-macro": 0.475, "F1-micro": 0.2360248447204969, "Precision-micro": 0.2360248447204969, "Recall-micro": 0.2360248447204969, "F1-weighted": 0.09488435968663193, "Precision-weighted": 0.0593773194265401, "Recall-weighted": 0.2360248447204969, "Sample size": 161, "TP": 38, "TN": 0, "FP": 121, "FN": 2}