{"F1-binary": 0.46987951807228917, "Precision-binary": 0.30952380952380953, "Recall-binary": 0.975, "F1-macro": 0.23493975903614459, "Precision-macro": 0.15476190476190477, "Recall-macro": 0.4875, "F1-micro": 0.30708661417322836, "Precision-micro": 0.30708661417322836, "Recall-micro": 0.30708661417322836, "F1-weighted": 0.14799354899914618, "Precision-weighted": 0.09748781402324709, "Recall-weighted": 0.30708661417322836, "Sample size": 127, "TP": 39, "TN": 0, "FP": 87, "FN": 1}