{"F1-binary": 0.4662576687116564, "Precision-binary": 0.304, "Recall-binary": 1.0, "F1-macro": 0.2331288343558282, "Precision-macro": 0.152, "Recall-macro": 0.5, "F1-micro": 0.304, "Precision-micro": 0.304, "Recall-micro": 0.304, "F1-weighted": 0.14174233128834357, "Precision-weighted": 0.092416, "Recall-weighted": 0.304, "Sample size": 125, "TP": 38, "TN": 0, "FP": 87, "FN": 0}