{"F1-binary": 0.7766541462005201, "Precision-binary": 0.691358024691358, "Recall-binary": 0.8859591298615689, "F1-macro": 0.38832707310026005, "Precision-macro": 0.345679012345679, "Recall-macro": 0.44297956493078444, "F1-micro": 0.634860651865848, "Precision-micro": 0.634860651865848, "Recall-micro": 0.634860651865848, "F1-weighted": 0.5565348794455309, "Precision-weighted": 0.4954133790537506, "Recall-weighted": 0.634860651865848, "Sample size": 2117, "TP": 1344, "TN": 0, "FP": 600, "FN": 173}