{"F1-binary": 0.6297376093294461, "Precision-binary": 0.4778761061946903, "Recall-binary": 0.9230769230769231, "F1-macro": 0.31486880466472306, "Precision-macro": 0.23893805309734514, "Recall-macro": 0.46153846153846156, "F1-micro": 0.4595744680851064, "Precision-micro": 0.4595744680851064, "Recall-micro": 0.4595744680851064, "F1-weighted": 0.3135289374108306, "Precision-weighted": 0.23792129542459048, "Recall-weighted": 0.4595744680851064, "Sample size": 235, "TP": 108, "TN": 0, "FP": 118, "FN": 9}