{"F1-binary": 0.26468973091707854, "Precision-binary": 0.15253164556962026, "Recall-binary": 1.0, "F1-macro": 0.13234486545853927, "Precision-macro": 0.07626582278481013, "Recall-macro": 0.5, "F1-micro": 0.15253164556962026, "Precision-micro": 0.15253164556962026, "Recall-micro": 0.15253164556962026, "F1-weighted": 0.04037356022216198, "Precision-weighted": 0.023265902900176254, "Recall-weighted": 0.15253164556962026, "Sample size": 1580, "TP": 241, "TN": 0, "FP": 1339, "FN": 0}