{"F1-binary": 0.7302363488182558, "Precision-binary": 0.6187845303867403, "Recall-binary": 0.8906560636182903, "F1-macro": 0.3651181744091279, "Precision-macro": 0.30939226519337015, "Recall-macro": 0.44532803180914515, "F1-micro": 0.5750962772785623, "Precision-micro": 0.5750962772785623, "Recall-micro": 0.5750962772785623, "F1-weighted": 0.4715133292112743, "Precision-weighted": 0.3995489329711558, "Recall-weighted": 0.5750962772785623, "Sample size": 779, "TP": 448, "TN": 0, "FP": 276, "FN": 55}