{"F1-binary": 0.6884353741496599, "Precision-binary": 0.5270833333333333, "Recall-binary": 0.9921568627450981, "F1-macro": 0.34421768707482997, "Precision-macro": 0.2635416666666667, "Recall-macro": 0.49607843137254903, "F1-micro": 0.524896265560166, "Precision-micro": 0.524896265560166, "Recall-micro": 0.524896265560166, "F1-weighted": 0.3642137352866458, "Precision-weighted": 0.2788511410788382, "Recall-weighted": 0.524896265560166, "Sample size": 482, "TP": 253, "TN": 0, "FP": 227, "FN": 2}