{"F1-binary": 0.5436105476673428, "Precision-binary": 0.5851528384279476, "Recall-binary": 0.5075757575757576, "F1-macro": 0.2718052738336714, "Precision-macro": 0.2925764192139738, "Recall-macro": 0.2537878787878788, "F1-micro": 0.3732590529247911, "Precision-micro": 0.3732590529247911, "Recall-micro": 0.3732590529247911, "F1-weighted": 0.39975817432918803, "Precision-weighted": 0.43030737979102557, "Recall-weighted": 0.3732590529247911, "Sample size": 359, "TP": 134, "TN": 0, "FP": 95, "FN": 130}