{"F1-binary": 0.5249343832020997, "Precision-binary": 0.40702536938946193, "Recall-binary": 0.7390159951407167, "F1-macro": 0.26246719160104987, "Precision-macro": 0.20351268469473097, "Recall-macro": 0.36950799757035835, "F1-micro": 0.35587188612099646, "Precision-micro": 0.35587188612099646, "Recall-micro": 0.35587188612099646, "F1-weighted": 0.25278125273096774, "Precision-weighted": 0.1960023691721886, "Recall-weighted": 0.3558718861209964, "Sample size": 20513, "TP": 7300, "TN": 0, "FP": 10635, "FN": 2578}