{"F1-binary": 0.624561403508772, "Precision-binary": 1.0, "Recall-binary": 0.45408163265306123, "F1-macro": 0.312280701754386, "Precision-macro": 0.5, "Recall-macro": 0.22704081632653061, "F1-micro": 0.45408163265306123, "Precision-micro": 0.45408163265306123, "Recall-micro": 0.45408163265306123, "F1-weighted": 0.624561403508772, "Precision-weighted": 1.0, "Recall-weighted": 0.45408163265306123, "Sample size": 196, "TP": 89, "TN": 0, "FP": 0, "FN": 107}