{"F1-binary": 0.5876151887841085, "Precision-binary": 0.6033873343151693, "Recall-binary": 0.5726465860647145, "F1-macro": 0.2938075943920542, "Precision-macro": 0.30169366715758467, "Recall-macro": 0.28632329303235726, "F1-micro": 0.41604468139121603, "Precision-micro": 0.41604468139121603, "Recall-micro": 0.41604468139121603, "F1-weighted": 0.4269198139787666, "Precision-weighted": 0.43837874418460315, "Recall-weighted": 0.41604468139121603, "Sample size": 39390, "TP": 16388, "TN": 0, "FP": 10772, "FN": 12230}