{"F1-binary": 0.7274741506646972, "Precision-binary": 0.7484802431610942, "Recall-binary": 0.7076149425287356, "F1-macro": 0.3637370753323486, "Precision-macro": 0.3742401215805471, "Recall-macro": 0.3538074712643678, "F1-micro": 0.571677307022635, "Precision-micro": 0.571677307022635, "Recall-micro": 0.571677307022635, "F1-weighted": 0.5877214264220886, "Precision-weighted": 0.6046921059084406, "Recall-weighted": 0.5716773070226349, "Sample size": 1723, "TP": 985, "TN": 0, "FP": 331, "FN": 407}