{"F1-binary": 0.7609834744054816, "Precision-binary": 0.6519337016574586, "Recall-binary": 0.9138431752178122, "F1-macro": 0.3804917372027408, "Precision-macro": 0.3259668508287293, "Recall-macro": 0.4569215876089061, "F1-micro": 0.6141834743005855, "Precision-micro": 0.6141834743005855, "Recall-micro": 0.6141834743005855, "F1-weighted": 0.511448229707783, "Precision-weighted": 0.43815713325449235, "Recall-weighted": 0.6141834743005855, "Sample size": 1537, "TP": 944, "TN": 0, "FP": 504, "FN": 89}