{"F1-binary": 0.3935294117647059, "Precision-binary": 0.2474112426035503, "Recall-binary": 0.9612068965517241, "F1-macro": 0.19676470588235295, "Precision-macro": 0.12370562130177515, "Recall-macro": 0.48060344827586204, "F1-micro": 0.2449652142072501, "Precision-micro": 0.2449652142072501, "Recall-micro": 0.2449652142072501, "F1-weighted": 0.10029164064014476, "Precision-weighted": 0.06305317643796082, "Recall-weighted": 0.2449652142072501, "Sample size": 5462, "TP": 1338, "TN": 0, "FP": 4070, "FN": 54}