{"F1-binary": 0.44057597249086616, "Precision-binary": 0.28314917127071826, "Recall-binary": 0.9922555663117134, "F1-macro": 0.22028798624543308, "Precision-macro": 0.14157458563535913, "Recall-macro": 0.4961277831558567, "F1-micro": 0.28252480705622934, "Precision-micro": 0.28252480705622934, "Recall-micro": 0.28252480705622934, "F1-weighted": 0.12544514321473668, "Precision-weighted": 0.08062102919587981, "Recall-weighted": 0.28252480705622934, "Sample size": 3628, "TP": 1025, "TN": 0, "FP": 2595, "FN": 8}