{"F1-binary": 0.5704381711903576, "Precision-binary": 0.8111469072164949, "Recall-binary": 0.4398979663149067, "F1-macro": 0.2852190855951788, "Precision-macro": 0.4055734536082474, "Recall-macro": 0.21994898315745334, "F1-micro": 0.3990300801927161, "Precision-micro": 0.3990300801927161, "Recall-micro": 0.3990300801927161, "F1-weighted": 0.5174426949546943, "Precision-weighted": 0.7357888424584503, "Recall-weighted": 0.3990300801927161, "Sample size": 31549, "TP": 12589, "TN": 0, "FP": 2931, "FN": 16029}