{"F1-binary": 0.5638297872340425, "Precision-binary": 0.4344262295081967, "Recall-binary": 0.803030303030303, "F1-macro": 0.28191489361702127, "Precision-macro": 0.21721311475409835, "Recall-macro": 0.4015151515151515, "F1-micro": 0.3925925925925926, "Precision-micro": 0.3925925925925926, "Recall-micro": 0.3925925925925926, "F1-weighted": 0.27565011820330965, "Precision-weighted": 0.21238615664845173, "Recall-weighted": 0.3925925925925926, "Sample size": 540, "TP": 212, "TN": 0, "FP": 276, "FN": 52}