{"F1-binary": 0.6, "Precision-binary": 0.6, "Recall-binary": 0.6, "F1-macro": 0.3, "Precision-macro": 0.3, "Recall-macro": 0.3, "F1-micro": 0.42857142857142855, "Precision-micro": 0.42857142857142855, "Recall-micro": 0.42857142857142855, "F1-weighted": 0.42857142857142855, "Precision-weighted": 0.42857142857142855, "Recall-weighted": 0.42857142857142855, "Sample size": 56, "TP": 24, "TN": 0, "FP": 16, "FN": 16}