{"F1-binary": 0.5652680285813214, "Precision-binary": 0.5142611683848797, "Recall-binary": 0.6275071633237822, "F1-macro": 0.2826340142906607, "Precision-macro": 0.25713058419243984, "Recall-macro": 0.3137535816618911, "F1-micro": 0.3939885914874945, "Precision-micro": 0.3939885914874945, "Recall-micro": 0.3939885914874945, "F1-weighted": 0.3549109355405936, "Precision-weighted": 0.32288561028605717, "Recall-weighted": 0.3939885914874945, "Sample size": 45580, "TP": 17958, "TN": 0, "FP": 16962, "FN": 10660}