{"F1-binary": 0.27011817670230726, "Precision-binary": 0.15625, "Recall-binary": 0.995850622406639, "F1-macro": 0.13505908835115363, "Precision-macro": 0.078125, "Recall-macro": 0.4979253112033195, "F1-micro": 0.1561483409238777, "Precision-micro": 0.1561483409238777, "Recall-micro": 0.1561483409238777, "F1-weighted": 0.04235424891688748, "Precision-weighted": 0.024499837345478205, "Recall-weighted": 0.1561483409238777, "Sample size": 1537, "TP": 240, "TN": 0, "FP": 1296, "FN": 1}