{"F1-binary": 0.7295136575616257, "Precision-binary": 0.6857679661813058, "Recall-binary": 0.7792207792207793, "F1-macro": 0.36475682878081284, "Precision-macro": 0.3428839830906529, "Recall-macro": 0.38961038961038963, "F1-micro": 0.5742003146303094, "Precision-micro": 0.5742003146303094, "Recall-micro": 0.5742003146303094, "F1-weighted": 0.5375716136803746, "Precision-weighted": 0.5053358334956894, "Recall-weighted": 0.5742003146303094, "Sample size": 7628, "TP": 4380, "TN": 0, "FP": 2007, "FN": 1241}