{"F1-binary": 0.37606837606837606, "Precision-binary": 1.0, "Recall-binary": 0.23157894736842105, "F1-macro": 0.18803418803418803, "Precision-macro": 0.5, "Recall-macro": 0.11578947368421053, "F1-micro": 0.23157894736842105, "Precision-micro": 0.23157894736842105, "Recall-micro": 0.23157894736842105, "F1-weighted": 0.37606837606837606, "Precision-weighted": 1.0, "Recall-weighted": 0.23157894736842105, "Sample size": 95, "TP": 22, "TN": 0, "FP": 0, "FN": 73}