{"F1-binary": 0.729664474231954, "Precision-binary": 0.6857589984350547, "Recall-binary": 0.7795765877957659, "F1-macro": 0.364832237115977, "Precision-macro": 0.34287949921752736, "Recall-macro": 0.38978829389788294, "F1-micro": 0.5743872067112334, "Precision-micro": 0.5743872067112334, "Recall-micro": 0.5743872067112334, "F1-weighted": 0.5376122702395876, "Precision-weighted": 0.5052629873120256, "Recall-weighted": 0.5743872067112334, "Sample size": 7629, "TP": 4382, "TN": 0, "FP": 2008, "FN": 1239}