{"F1-binary": 0.7371202113606341, "Precision-binary": 0.6150793650793651, "Recall-binary": 0.9195781147000659, "F1-macro": 0.36856010568031705, "Precision-macro": 0.30753968253968256, "Recall-macro": 0.45978905735003295, "F1-micro": 0.5836820083682008, "Precision-micro": 0.5836820083682008, "Recall-micro": 0.5836820083682008, "F1-weighted": 0.46787086218999246, "Precision-weighted": 0.3904081158265259, "Recall-weighted": 0.5836820083682008, "Sample size": 2390, "TP": 1395, "TN": 0, "FP": 873, "FN": 122}