{"F1-binary": 0.5800000000000001, "Precision-binary": 0.46774193548387094, "Recall-binary": 0.7631578947368421, "F1-macro": 0.29000000000000004, "Precision-macro": 0.23387096774193547, "Recall-macro": 0.3815789473684211, "F1-micro": 0.4084507042253521, "Precision-micro": 0.4084507042253521, "Recall-micro": 0.4084507042253521, "F1-weighted": 0.31042253521126767, "Precision-weighted": 0.25034075420263513, "Recall-weighted": 0.4084507042253521, "Sample size": 71, "TP": 29, "TN": 0, "FP": 33, "FN": 9}