{"F1-binary": 0.6997355896351136, "Precision-binary": 0.8628064684402713, "Recall-binary": 0.5885073830279309, "F1-macro": 0.3498677948175568, "Precision-macro": 0.43140323422013566, "Recall-macro": 0.29425369151396547, "F1-micro": 0.5381486904180901, "Precision-micro": 0.5381486904180901, "Recall-micro": 0.5381486904180901, "F1-weighted": 0.6398590774912923, "Precision-weighted": 0.7889759490975703, "Recall-weighted": 0.5381486904180901, "Sample size": 6147, "TP": 3308, "TN": 0, "FP": 526, "FN": 2313}