{"F1-binary": 0.7532467532467534, "Precision-binary": 0.7435897435897436, "Recall-binary": 0.7631578947368421, "F1-macro": 0.3766233766233767, "Precision-macro": 0.3717948717948718, "Recall-macro": 0.3815789473684211, "F1-micro": 0.6041666666666666, "Precision-micro": 0.6041666666666666, "Recall-micro": 0.6041666666666666, "F1-weighted": 0.5963203463203465, "Precision-weighted": 0.5886752136752137, "Recall-weighted": 0.6041666666666666, "Sample size": 48, "TP": 29, "TN": 0, "FP": 10, "FN": 9}