{"F1-binary": 0.7720504009163802, "Precision-binary": 0.7390350877192983, "Recall-binary": 0.8081534772182254, "F1-macro": 0.3860252004581901, "Precision-macro": 0.36951754385964913, "Recall-macro": 0.4040767386091127, "F1-micro": 0.628731343283582, "Precision-micro": 0.628731343283582, "Recall-micro": 0.628731343283582, "F1-weighted": 0.6006436887726316, "Precision-weighted": 0.5749582678711705, "Recall-weighted": 0.628731343283582, "Sample size": 536, "TP": 337, "TN": 0, "FP": 119, "FN": 80}