{"F1-binary": 0.5289992418498863, "Precision-binary": 0.7189592993302422, "Recall-binary": 0.4184407796101949, "F1-macro": 0.26449962092494317, "Precision-macro": 0.3594796496651211, "Recall-macro": 0.20922038980509744, "F1-micro": 0.35961860584976163, "Precision-micro": 0.35961860584976163, "Recall-micro": 0.35961860584976163, "F1-weighted": 0.45463534894198454, "Precision-weighted": 0.6178918343683436, "Recall-weighted": 0.35961860584976163, "Sample size": 7761, "TP": 2791, "TN": 0, "FP": 1091, "FN": 3879}