{"F1-binary": 0.6531204644412191, "Precision-binary": 1.0, "Recall-binary": 0.4849137931034483, "F1-macro": 0.32656023222060954, "Precision-macro": 0.5, "Recall-macro": 0.24245689655172414, "F1-micro": 0.4849137931034483, "Precision-micro": 0.4849137931034483, "Recall-micro": 0.4849137931034483, "F1-weighted": 0.6531204644412191, "Precision-weighted": 1.0, "Recall-weighted": 0.4849137931034483, "Sample size": 1392, "TP": 675, "TN": 0, "FP": 0, "FN": 717}