{"F1-binary": 0.7172734314484895, "Precision-binary": 0.7123076923076923, "Recall-binary": 0.7223088923556942, "F1-macro": 0.35863671572424477, "Precision-macro": 0.35615384615384615, "Recall-macro": 0.3611544461778471, "F1-micro": 0.5591787439613527, "Precision-micro": 0.5591787439613527, "Recall-micro": 0.5591787439613527, "F1-weighted": 0.5552805187904369, "Precision-weighted": 0.5514362690449647, "Recall-weighted": 0.5591787439613526, "Sample size": 828, "TP": 463, "TN": 0, "FP": 187, "FN": 178}