{"F1-binary": 0.6676056338028168, "Precision-binary": 0.5053304904051172, "Recall-binary": 0.983402489626556, "F1-macro": 0.3338028169014084, "Precision-macro": 0.2526652452025586, "Recall-macro": 0.491701244813278, "F1-micro": 0.5010570824524313, "Precision-micro": 0.5010570824524313, "Recall-micro": 0.5010570824524313, "F1-weighted": 0.34015424470714345, "Precision-weighted": 0.25747282914933034, "Recall-weighted": 0.5010570824524313, "Sample size": 473, "TP": 237, "TN": 0, "FP": 232, "FN": 4}