{"F1-binary": 0.5138371341978437, "Precision-binary": 0.8887933997937435, "Recall-binary": 0.3613809490530435, "F1-macro": 0.25691856709892186, "Precision-macro": 0.44439669989687175, "Recall-macro": 0.18069047452652176, "F1-micro": 0.34574752607649106, "Precision-micro": 0.34574752607649106, "Recall-micro": 0.34574752607649106, "F1-weighted": 0.49160842158578133, "Precision-weighted": 0.8503439928890529, "Recall-weighted": 0.34574752607649106, "Sample size": 29912, "TP": 10342, "TN": 0, "FP": 1294, "FN": 18276}