{"F1-binary": 0.5692307692307692, "Precision-binary": 0.4111111111111111, "Recall-binary": 0.925, "F1-macro": 0.2846153846153846, "Precision-macro": 0.20555555555555555, "Recall-macro": 0.4625, "F1-micro": 0.3978494623655913, "Precision-micro": 0.3978494623655914, "Recall-micro": 0.3978494623655914, "F1-weighted": 0.24483043837882545, "Precision-weighted": 0.17682198327359616, "Recall-weighted": 0.3978494623655914, "Sample size": 93, "TP": 37, "TN": 0, "FP": 53, "FN": 3}