{"F1-binary": 0.5656877897990726, "Precision-binary": 0.42230769230769233, "Recall-binary": 0.8564742589703588, "F1-macro": 0.2828438948995363, "Precision-macro": 0.21115384615384616, "Recall-macro": 0.4282371294851794, "F1-micro": 0.39439655172413796, "Precision-micro": 0.39439655172413796, "Recall-micro": 0.39439655172413796, "F1-weighted": 0.2604927250439695, "Precision-weighted": 0.1944678381962865, "Recall-weighted": 0.39439655172413796, "Sample size": 1392, "TP": 549, "TN": 0, "FP": 751, "FN": 92}