{"F1-binary": 0.3625377643504531, "Precision-binary": 0.22160664819944598, "Recall-binary": 0.995850622406639, "F1-macro": 0.18126888217522655, "Precision-macro": 0.11080332409972299, "Recall-macro": 0.4979253112033195, "F1-micro": 0.22140221402214022, "Precision-micro": 0.22140221402214022, "Recall-micro": 0.22140221402214022, "F1-weighted": 0.08060110812588486, "Precision-weighted": 0.04926863673068863, "Recall-weighted": 0.22140221402214022, "Sample size": 1084, "TP": 240, "TN": 0, "FP": 843, "FN": 1}