{"F1-binary": 0.4773813902169915, "Precision-binary": 0.3208106772120613, "Recall-binary": 0.9324712643678161, "F1-macro": 0.23869069510849575, "Precision-macro": 0.16040533860603065, "Recall-macro": 0.46623563218390807, "F1-micro": 0.3135265700483092, "Precision-micro": 0.3135265700483092, "Recall-micro": 0.3135265700483092, "F1-weighted": 0.1605108442468725, "Precision-weighted": 0.10786677842492497, "Recall-weighted": 0.3135265700483092, "Sample size": 4140, "TP": 1298, "TN": 0, "FP": 2748, "FN": 94}