{"F1-binary": 0.7549844926894106, "Precision-binary": 0.8819875776397516, "Recall-binary": 0.6599535243996901, "F1-macro": 0.3774922463447053, "Precision-macro": 0.4409937888198758, "Recall-macro": 0.32997676219984506, "F1-micro": 0.606405693950178, "Precision-micro": 0.606405693950178, "Recall-micro": 0.606405693950178, "F1-weighted": 0.6937259644569602, "Precision-weighted": 0.8104241727636436, "Recall-weighted": 0.606405693950178, "Sample size": 1405, "TP": 852, "TN": 0, "FP": 114, "FN": 439}