{"F1-binary": 0.4843304843304843, "Precision-binary": 0.3359683794466403, "Recall-binary": 0.8673469387755102, "F1-macro": 0.24216524216524216, "Precision-macro": 0.16798418972332016, "Recall-macro": 0.4336734693877551, "F1-micro": 0.31954887218045114, "Precision-micro": 0.31954887218045114, "Recall-micro": 0.31954887218045114, "F1-weighted": 0.1784375468585995, "Precision-weighted": 0.12377782400665696, "Recall-weighted": 0.31954887218045114, "Sample size": 532, "TP": 170, "TN": 0, "FP": 336, "FN": 26}