{"F1-binary": 0.5467625899280576, "Precision-binary": 0.37623762376237624, "Recall-binary": 1.0, "F1-macro": 0.2733812949640288, "Precision-macro": 0.18811881188118812, "Recall-macro": 0.5, "F1-micro": 0.37623762376237624, "Precision-micro": 0.37623762376237624, "Recall-micro": 0.37623762376237624, "F1-weighted": 0.20571265759669494, "Precision-weighted": 0.14155474953435937, "Recall-weighted": 0.37623762376237624, "Sample size": 101, "TP": 38, "TN": 0, "FP": 63, "FN": 0}