{"F1-binary": 0.5552995391705069, "Precision-binary": 0.5073684210526316, "Recall-binary": 0.6132315521628499, "F1-macro": 0.27764976958525345, "Precision-macro": 0.2536842105263158, "Recall-macro": 0.30661577608142493, "F1-micro": 0.38437001594896336, "Precision-micro": 0.3843700159489633, "Recall-micro": 0.3843700159489633, "F1-weighted": 0.34805856282936076, "Precision-weighted": 0.31801561319566857, "Recall-weighted": 0.3843700159489633, "Sample size": 1254, "TP": 482, "TN": 0, "FP": 468, "FN": 304}