{"F1-binary": 0.5932358698821275, "Precision-binary": 0.7341752577319588, "Recall-binary": 0.49769375917254877, "F1-macro": 0.29661793494106375, "Precision-macro": 0.3670876288659794, "Recall-macro": 0.24884687958627438, "F1-micro": 0.42170244263508505, "Precision-micro": 0.4217024426350851, "Recall-micro": 0.4217024426350851, "F1-weighted": 0.5026565247753286, "Precision-weighted": 0.6220763146046838, "Recall-weighted": 0.4217024426350851, "Sample size": 33775, "TP": 14243, "TN": 0, "FP": 5157, "FN": 14375}