{"F1-binary": 0.7421686746987952, "Precision-binary": 0.9625, "Recall-binary": 0.6039215686274509, "F1-macro": 0.3710843373493976, "Precision-macro": 0.48125, "Recall-macro": 0.30196078431372547, "F1-micro": 0.5900383141762452, "Precision-micro": 0.5900383141762452, "Recall-micro": 0.5900383141762452, "F1-weighted": 0.7251073258551447, "Precision-weighted": 0.9403735632183908, "Recall-weighted": 0.5900383141762452, "Sample size": 261, "TP": 154, "TN": 0, "FP": 6, "FN": 101}