{"F1-binary": 0.3235409322365844, "Precision-binary": 0.19335205992509363, "Recall-binary": 0.9904076738609112, "F1-macro": 0.1617704661182922, "Precision-macro": 0.09667602996254682, "Recall-macro": 0.4952038369304556, "F1-micro": 0.1929906542056075, "Precision-micro": 0.1929906542056075, "Recall-micro": 0.1929906542056075, "F1-weighted": 0.06304512558068023, "Precision-weighted": 0.0376765462564318, "Recall-weighted": 0.1929906542056075, "Sample size": 2140, "TP": 413, "TN": 0, "FP": 1723, "FN": 4}