{"F1-binary": 0.41444622792937397, "Precision-binary": 1.0, "Recall-binary": 0.26138894513059324, "F1-macro": 0.20722311396468698, "Precision-macro": 0.5, "Recall-macro": 0.13069447256529662, "F1-micro": 0.26138894513059324, "Precision-micro": 0.26138894513059324, "Recall-micro": 0.26138894513059324, "F1-weighted": 0.41444622792937397, "Precision-weighted": 1.0, "Recall-weighted": 0.26138894513059324, "Sample size": 9878, "TP": 2582, "TN": 0, "FP": 0, "FN": 7296}