{"F1-binary": 0.7889447236180905, "Precision-binary": 1.0, "Recall-binary": 0.6514522821576764, "F1-macro": 0.39447236180904527, "Precision-macro": 0.5, "Recall-macro": 0.3257261410788382, "F1-micro": 0.6514522821576764, "Precision-micro": 0.6514522821576764, "Recall-micro": 0.6514522821576764, "F1-weighted": 0.7889447236180905, "Precision-weighted": 1.0, "Recall-weighted": 0.6514522821576764, "Sample size": 241, "TP": 157, "TN": 0, "FP": 0, "FN": 84}