{"F1-binary": 0.7369303885937936, "Precision-binary": 0.7737769080234833, "Recall-binary": 0.7034335527486213, "F1-macro": 0.3684651942968968, "Precision-macro": 0.38688845401174166, "Recall-macro": 0.35171677637431065, "F1-micro": 0.583444001770695, "Precision-micro": 0.583444001770695, "Recall-micro": 0.583444001770695, "F1-weighted": 0.6112270494740614, "Precision-weighted": 0.6417884019477644, "Recall-weighted": 0.5834440017706951, "Sample size": 6777, "TP": 3954, "TN": 0, "FP": 1156, "FN": 1667}