{"F1-binary": 0.5618525289457648, "Precision-binary": 0.5391812865497077, "Recall-binary": 0.5865139949109415, "F1-macro": 0.2809262644728824, "Precision-macro": 0.2695906432748538, "Recall-macro": 0.29325699745547074, "F1-micro": 0.3906779661016949, "Precision-micro": 0.3906779661016949, "Recall-micro": 0.3906779661016949, "F1-weighted": 0.37425092182319586, "Precision-weighted": 0.35914956883734767, "Recall-weighted": 0.3906779661016949, "Sample size": 1180, "TP": 461, "TN": 0, "FP": 394, "FN": 325}