{"F1-binary": 0.3179347826086957, "Precision-binary": 0.1890145395799677, "Recall-binary": 1.0, "F1-macro": 0.15896739130434784, "Precision-macro": 0.09450726978998385, "Recall-macro": 0.5, "F1-micro": 0.1890145395799677, "Precision-micro": 0.1890145395799677, "Recall-micro": 0.1890145395799677, "F1-weighted": 0.060094296551239726, "Precision-weighted": 0.03572649617262717, "Recall-weighted": 0.1890145395799677, "Sample size": 619, "TP": 117, "TN": 0, "FP": 502, "FN": 0}