{"F1-binary": 0.5723922424482911, "Precision-binary": 0.56112029563357, "Recall-binary": 0.5841263413646487, "F1-macro": 0.28619612122414556, "Precision-macro": 0.280560147816785, "Recall-macro": 0.29206317068232435, "F1-micro": 0.4009450350913766, "Precision-micro": 0.4009450350913766, "Recall-micro": 0.4009450350913766, "F1-weighted": 0.3928907352445431, "Precision-weighted": 0.3851536571654788, "Recall-weighted": 0.4009450350913766, "Sample size": 14391, "TP": 5770, "TN": 0, "FP": 4513, "FN": 4108}