{"F1-binary": 0.52408265313626, "Precision-binary": 0.7178686543110395, "Recall-binary": 0.4126809496236248, "F1-macro": 0.26204132656813, "Precision-macro": 0.35893432715551976, "Recall-macro": 0.2063404748118124, "F1-micro": 0.35508943251457326, "Precision-micro": 0.35508943251457326, "Recall-micro": 0.35508943251457326, "F1-weighted": 0.45094451794445767, "Precision-weighted": 0.6176867948757737, "Recall-weighted": 0.35508943251457326, "Sample size": 20071, "TP": 7127, "TN": 0, "FP": 2801, "FN": 10143}