{"F1-binary": 0.5331098072087176, "Precision-binary": 0.3763313609467456, "Recall-binary": 0.9137931034482759, "F1-macro": 0.2665549036043588, "Precision-macro": 0.1881656804733728, "Recall-macro": 0.45689655172413796, "F1-micro": 0.36342857142857143, "Precision-micro": 0.36342857142857143, "Recall-micro": 0.36342857142857143, "F1-weighted": 0.21202538618129568, "Precision-weighted": 0.14967235841081997, "Recall-weighted": 0.36342857142857143, "Sample size": 3500, "TP": 1272, "TN": 0, "FP": 2108, "FN": 120}