{"F1-binary": 0.3688524590163934, "Precision-binary": 0.9473684210526315, "Recall-binary": 0.22900763358778625, "F1-macro": 0.1844262295081967, "Precision-macro": 0.47368421052631576, "Recall-macro": 0.11450381679389313, "F1-micro": 0.22613065326633167, "Precision-micro": 0.22613065326633167, "Recall-micro": 0.22613065326633167, "F1-weighted": 0.3642186341543784, "Precision-weighted": 0.9354668077228245, "Recall-weighted": 0.22613065326633167, "Sample size": 796, "TP": 180, "TN": 0, "FP": 10, "FN": 606}