{"F1-binary": 0.558117068458262, "Precision-binary": 0.4928266770065917, "Recall-binary": 0.6433488560437336, "F1-macro": 0.279058534229131, "Precision-macro": 0.24641333850329586, "Recall-macro": 0.3216744280218668, "F1-micro": 0.3870751614082105, "Precision-micro": 0.3870751614082105, "Recall-micro": 0.3870751614082105, "F1-weighted": 0.33579488380014083, "Precision-weighted": 0.2965124811469797, "Recall-weighted": 0.3870751614082106, "Sample size": 16418, "TP": 6355, "TN": 0, "FP": 6540, "FN": 3523}