{"F1-binary": 0.5768373044484314, "Precision-binary": 0.5544953418651881, "Recall-binary": 0.6010552798937732, "F1-macro": 0.2884186522242157, "Precision-macro": 0.27724767093259406, "Recall-macro": 0.3005276399468866, "F1-micro": 0.40532070314340923, "Precision-micro": 0.40532070314340923, "Recall-micro": 0.40532070314340923, "F1-weighted": 0.38898934866641244, "Precision-weighted": 0.373923080576322, "Recall-weighted": 0.40532070314340923, "Sample size": 42438, "TP": 17201, "TN": 0, "FP": 13820, "FN": 11417}