{"F1-binary": 0.7609756097560976, "Precision-binary": 0.7090909090909091, "Recall-binary": 0.8210526315789474, "F1-macro": 0.3804878048780488, "Precision-macro": 0.35454545454545455, "Recall-macro": 0.4105263157894737, "F1-micro": 0.6141732283464567, "Precision-micro": 0.6141732283464567, "Recall-micro": 0.6141732283464567, "F1-weighted": 0.5692337238333014, "Precision-weighted": 0.5304223335719398, "Recall-weighted": 0.6141732283464567, "Sample size": 127, "TP": 78, "TN": 0, "FP": 32, "FN": 17}