{"F1-binary": 0.5911949685534591, "Precision-binary": 0.4351851851851852, "Recall-binary": 0.9215686274509803, "F1-macro": 0.29559748427672955, "Precision-macro": 0.2175925925925926, "Recall-macro": 0.46078431372549017, "F1-micro": 0.41964285714285715, "Precision-micro": 0.41964285714285715, "Recall-micro": 0.41964285714285715, "F1-weighted": 0.2692048517520215, "Precision-weighted": 0.19816468253968253, "Recall-weighted": 0.41964285714285715, "Sample size": 224, "TP": 94, "TN": 0, "FP": 122, "FN": 8}