{"F1-binary": 0.5098039215686275, "Precision-binary": 1.0, "Recall-binary": 0.34210526315789475, "F1-macro": 0.25490196078431376, "Precision-macro": 0.5, "Recall-macro": 0.17105263157894737, "F1-micro": 0.34210526315789475, "Precision-micro": 0.34210526315789475, "Recall-micro": 0.34210526315789475, "F1-weighted": 0.5098039215686275, "Precision-weighted": 1.0, "Recall-weighted": 0.34210526315789475, "Sample size": 38, "TP": 13, "TN": 0, "FP": 0, "FN": 25}