{"F1-binary": 0.5310015898251192, "Precision-binary": 0.3856812933025404, "Recall-binary": 0.8520408163265306, "F1-macro": 0.2655007949125596, "Precision-macro": 0.1928406466512702, "Recall-macro": 0.4260204081632653, "F1-micro": 0.3614718614718614, "Precision-micro": 0.36147186147186144, "Recall-micro": 0.36147186147186144, "F1-weighted": 0.22527340174399, "Precision-weighted": 0.1636223668556232, "Recall-weighted": 0.36147186147186144, "Sample size": 462, "TP": 167, "TN": 0, "FP": 266, "FN": 29}