{"F1-binary": 0.3344924498642405, "Precision-binary": 0.9430566747246844, "Recall-binary": 0.20330052113491603, "F1-macro": 0.16724622493212024, "Precision-macro": 0.4715283373623422, "Recall-macro": 0.10165026056745802, "F1-micro": 0.2008351447202837, "Precision-micro": 0.20083514472028371, "Recall-micro": 0.20083514472028371, "F1-weighted": 0.33043614055345116, "Precision-weighted": 0.9316204537521622, "Recall-weighted": 0.20083514472028371, "Sample size": 17482, "TP": 3511, "TN": 0, "FP": 212, "FN": 13759}