{"F1-binary": 0.7919799498746868, "Precision-binary": 1.0, "Recall-binary": 0.6556016597510373, "F1-macro": 0.3959899749373434, "Precision-macro": 0.5, "Recall-macro": 0.3278008298755187, "F1-micro": 0.6556016597510373, "Precision-micro": 0.6556016597510373, "Recall-micro": 0.6556016597510373, "F1-weighted": 0.7919799498746868, "Precision-weighted": 1.0, "Recall-weighted": 0.6556016597510373, "Sample size": 241, "TP": 158, "TN": 0, "FP": 0, "FN": 83}