{"F1-binary": 0.5535714285714286, "Precision-binary": 0.4015544041450777, "Recall-binary": 0.8908045977011494, "F1-macro": 0.2767857142857143, "Precision-macro": 0.20077720207253885, "Recall-macro": 0.4454022988505747, "F1-micro": 0.38271604938271603, "Precision-micro": 0.38271604938271603, "Recall-micro": 0.38271604938271603, "F1-weighted": 0.23783068783068786, "Precision-weighted": 0.17251966992899637, "Recall-weighted": 0.38271604938271603, "Sample size": 3240, "TP": 1240, "TN": 0, "FP": 1848, "FN": 152}