{"F1-binary": 0.5828188917813314, "Precision-binary": 0.5783025830258303, "Recall-binary": 0.5874062968515742, "F1-macro": 0.2914094458906657, "Precision-macro": 0.28915129151291513, "Recall-macro": 0.2937031484257871, "F1-micro": 0.41125223050278154, "Precision-micro": 0.4112522305027816, "Recall-micro": 0.4112522305027816, "F1-weighted": 0.40804051728576474, "Precision-weighted": 0.40487857969794144, "Recall-weighted": 0.4112522305027816, "Sample size": 9527, "TP": 3918, "TN": 0, "FP": 2857, "FN": 2752}