{"F1-binary": 0.7069767441860465, "Precision-binary": 1.0, "Recall-binary": 0.5467625899280576, "F1-macro": 0.35348837209302325, "Precision-macro": 0.5, "Recall-macro": 0.2733812949640288, "F1-micro": 0.5467625899280576, "Precision-micro": 0.5467625899280576, "Recall-micro": 0.5467625899280576, "F1-weighted": 0.7069767441860465, "Precision-weighted": 1.0, "Recall-weighted": 0.5467625899280576, "Sample size": 417, "TP": 228, "TN": 0, "FP": 0, "FN": 189}