{"F1-binary": 0.3697813121272366, "Precision-binary": 0.22962962962962963, "Recall-binary": 0.9489795918367347, "F1-macro": 0.1848906560636183, "Precision-macro": 0.11481481481481481, "Recall-macro": 0.4744897959183674, "F1-micro": 0.22682926829268293, "Precision-micro": 0.22682926829268293, "Recall-micro": 0.22682926829268293, "F1-weighted": 0.08838675265480289, "Precision-weighted": 0.05488708220415538, "Recall-weighted": 0.22682926829268293, "Sample size": 820, "TP": 186, "TN": 0, "FP": 624, "FN": 10}