{"F1-binary": 0.6209763779527558, "Precision-binary": 0.5354698533405757, "Recall-binary": 0.7389805097451274, "F1-macro": 0.3104881889763779, "Precision-macro": 0.26773492667028786, "Recall-macro": 0.3694902548725637, "F1-micro": 0.4503014799926914, "Precision-micro": 0.4503014799926914, "Recall-micro": 0.4503014799926914, "F1-weighted": 0.3783950704316537, "Precision-weighted": 0.32629124079861505, "Recall-weighted": 0.4503014799926914, "Sample size": 10946, "TP": 4929, "TN": 0, "FP": 4276, "FN": 1741}