{"F1-binary": 0.5294117647058824, "Precision-binary": 0.38, "Recall-binary": 0.8724489795918368, "F1-macro": 0.2647058823529412, "Precision-macro": 0.19, "Recall-macro": 0.4362244897959184, "F1-micro": 0.36, "Precision-micro": 0.36, "Recall-micro": 0.36, "F1-weighted": 0.21845201238390094, "Precision-weighted": 0.1568, "Recall-weighted": 0.36, "Sample size": 475, "TP": 171, "TN": 0, "FP": 279, "FN": 25}