{"F1-binary": 0.6258503401360545, "Precision-binary": 0.4791666666666667, "Recall-binary": 0.9019607843137255, "F1-macro": 0.3129251700680272, "Precision-macro": 0.23958333333333334, "Recall-macro": 0.45098039215686275, "F1-micro": 0.45544554455445546, "Precision-micro": 0.45544554455445546, "Recall-micro": 0.45544554455445546, "F1-weighted": 0.31602343907860175, "Precision-weighted": 0.24195544554455445, "Recall-weighted": 0.45544554455445546, "Sample size": 202, "TP": 92, "TN": 0, "FP": 100, "FN": 10}