{"F1-binary": 0.5418615281831288, "Precision-binary": 0.6898558510162056, "Recall-binary": 0.4461493920092646, "F1-macro": 0.2709307640915644, "Precision-macro": 0.3449279255081028, "Recall-macro": 0.2230746960046323, "F1-micro": 0.3716118452782869, "Precision-micro": 0.3716118452782869, "Recall-micro": 0.3716118452782869, "F1-weighted": 0.4513334904853205, "Precision-weighted": 0.5746026115100739, "Recall-weighted": 0.3716118452782869, "Sample size": 20734, "TP": 7705, "TN": 0, "FP": 3464, "FN": 9565}