{"F1-binary": 0.5526641883519207, "Precision-binary": 0.4106813996316759, "Recall-binary": 0.8446969696969697, "F1-macro": 0.27633209417596033, "Precision-macro": 0.20534069981583794, "Recall-macro": 0.42234848484848486, "F1-micro": 0.3818493150684932, "Precision-micro": 0.3818493150684932, "Recall-micro": 0.3818493150684932, "F1-weighted": 0.24983449610429287, "Precision-weighted": 0.18565049572390827, "Recall-weighted": 0.3818493150684932, "Sample size": 584, "TP": 223, "TN": 0, "FP": 320, "FN": 41}