{"F1-binary": 0.5755813953488371, "Precision-binary": 0.4669811320754717, "Recall-binary": 0.75, "F1-macro": 0.28779069767441856, "Precision-macro": 0.23349056603773585, "Recall-macro": 0.375, "F1-micro": 0.40408163265306124, "Precision-micro": 0.40408163265306124, "Recall-micro": 0.40408163265306124, "F1-weighted": 0.31010915994304694, "Precision-weighted": 0.25159799768964186, "Recall-weighted": 0.40408163265306124, "Sample size": 490, "TP": 198, "TN": 0, "FP": 226, "FN": 66}