{"F1-binary": 0.4705882352941176, "Precision-binary": 0.8842105263157894, "Recall-binary": 0.32061068702290074, "F1-macro": 0.2352941176470588, "Precision-macro": 0.4421052631578947, "Recall-macro": 0.16030534351145037, "F1-micro": 0.3076923076923077, "Precision-micro": 0.3076923076923077, "Recall-micro": 0.3076923076923077, "F1-weighted": 0.451626804567981, "Precision-weighted": 0.848582995951417, "Recall-weighted": 0.30769230769230765, "Sample size": 819, "TP": 252, "TN": 0, "FP": 33, "FN": 534}