{"F1-binary": 0.48341232227488146, "Precision-binary": 0.31875, "Recall-binary": 1.0, "F1-macro": 0.24170616113744073, "Precision-macro": 0.159375, "Recall-macro": 0.5, "F1-micro": 0.31875, "Precision-micro": 0.31875, "Recall-micro": 0.31875, "F1-weighted": 0.15408767772511844, "Precision-weighted": 0.1016015625, "Recall-weighted": 0.31875, "Sample size": 800, "TP": 255, "TN": 0, "FP": 545, "FN": 0}