{"F1-binary": 0.5906811789164731, "Precision-binary": 0.9448356807511737, "Recall-binary": 0.42963885429638854, "F1-macro": 0.29534058945823655, "Precision-macro": 0.4724178403755869, "Recall-macro": 0.21481942714819427, "F1-micro": 0.4191253037139882, "Precision-micro": 0.4191253037139882, "Recall-micro": 0.4191253037139882, "F1-weighted": 0.5762268147673543, "Precision-weighted": 0.921714918691834, "Recall-weighted": 0.4191253037139882, "Sample size": 5762, "TP": 2415, "TN": 0, "FP": 141, "FN": 3206}