{"F1-binary": 0.47727802377068274, "Precision-binary": 0.31430325352977284, "Recall-binary": 0.9912875121006777, "F1-macro": 0.23863901188534137, "Precision-macro": 0.15715162676488642, "Recall-macro": 0.49564375605033884, "F1-micro": 0.31343740434649525, "Precision-micro": 0.31343740434649525, "Recall-micro": 0.31343740434649525, "F1-weighted": 0.15091160041478888, "Precision-weighted": 0.09938024514730803, "Recall-weighted": 0.31343740434649525, "Sample size": 3267, "TP": 1024, "TN": 0, "FP": 2234, "FN": 9}