Category,Observed,Expected
English,6523.96010702992,5419.855146682273
German,116.75991243006567,486.35598800204843
French,7.297494526879104,22.240105347867438
Other,4.864996351252737,17.704294388762893
