{"F1-binary": 0.35454545454545455, "Precision-binary": 0.21666666666666667, "Recall-binary": 0.975, "F1-macro": 0.17727272727272728, "Precision-macro": 0.10833333333333334, "Recall-macro": 0.4875, "F1-micro": 0.2154696132596685, "Precision-micro": 0.2154696132596685, "Recall-micro": 0.2154696132596685, "F1-weighted": 0.07835258663987946, "Precision-weighted": 0.047882136279926345, "Recall-weighted": 0.2154696132596685, "Sample size": 181, "TP": 39, "TN": 0, "FP": 141, "FN": 1}