{"F1-binary": 0.6293706293706294, "Precision-binary": 1.0, "Recall-binary": 0.45918367346938777, "F1-macro": 0.3146853146853147, "Precision-macro": 0.5, "Recall-macro": 0.22959183673469388, "F1-micro": 0.45918367346938777, "Precision-micro": 0.45918367346938777, "Recall-micro": 0.45918367346938777, "F1-weighted": 0.6293706293706294, "Precision-weighted": 1.0, "Recall-weighted": 0.45918367346938777}