{"F1-binary": 0.5068548387096774, "Precision-binary": 0.3522982062780269, "Recall-binary": 0.9030172413793104, "F1-macro": 0.2534274193548387, "Precision-macro": 0.17614910313901344, "Recall-macro": 0.4515086206896552, "F1-micro": 0.3394544963543073, "Precision-micro": 0.3394544963543073, "Recall-micro": 0.3394544963543073, "F1-weighted": 0.19053252376015958, "Precision-weighted": 0.13243292010235305, "Recall-weighted": 0.3394544963543073}