{"F1-binary": 0.6113096489384066, "Precision-binary": 0.4487654320987654, "Recall-binary": 0.958470665787739, "F1-macro": 0.3056548244692033, "Precision-macro": 0.2243827160493827, "Recall-macro": 0.4792353328938695, "F1-micro": 0.44020587344838025, "Precision-micro": 0.44020587344838025, "Recall-micro": 0.44020587344838025, "F1-weighted": 0.28076195502257423, "Precision-weighted": 0.20610873766086196, "Recall-weighted": 0.44020587344838025, "Sample size": 3303, "TP": 1454, "TN": 0, "FP": 1786, "FN": 63}