{"F1-binary": 0.7866253016201311, "Precision-binary": 0.7086956521739131, "Recall-binary": 0.8838109992254066, "F1-macro": 0.39331265081006556, "Precision-macro": 0.35434782608695653, "Recall-macro": 0.4419054996127033, "F1-micro": 0.6482954545454546, "Precision-micro": 0.6482954545454546, "Recall-micro": 0.6482954545454546, "F1-weighted": 0.5770075365861302, "Precision-weighted": 0.5198443675889328, "Recall-weighted": 0.6482954545454546}