{"F1-macro": 0.2688157539789587, "Precision-macro": 0.4026262626262626, "Recall-macro": 0.20176149018019843, "F1-micro": 0.3676443460616122, "Precision-micro": 0.3676443460616122, "Recall-micro": 0.3676443460616122, "F1-weighted": 0.4898288171562726, "Precision-weighted": 0.7336547172518395, "Recall-weighted": 0.3676443460616122}