{"F1-macro": 0.2711804044161292, "Precision-macro": 0.22260118235561618, "Recall-macro": 0.34688195991091314, "F1-micro": 0.3720816592463894, "Precision-micro": 0.3720816592463894, "Recall-micro": 0.3720816592463894, "F1-weighted": 0.29088066400505197, "Precision-weighted": 0.23877234002701453, "Recall-weighted": 0.3720816592463894}