{"F1-binary": 0.5230747198453332, "Precision-binary": 0.4046418877748851, "Recall-binary": 0.7395221704798542, "F1-macro": 0.2615373599226666, "Precision-macro": 0.20232094388744254, "Recall-macro": 0.3697610852399271, "F1-micro": 0.3541646465625909, "Precision-micro": 0.3541646465625909, "Recall-micro": 0.3541646465625909, "F1-weighted": 0.25050577342345587, "Precision-weighted": 0.1937870923805059, "Recall-weighted": 0.3541646465625909}