{"F1-binary": 0.4522875816993464, "Precision-binary": 0.30404217926186294, "Recall-binary": 0.8826530612244898, "F1-macro": 0.2261437908496732, "Precision-macro": 0.15202108963093147, "Recall-macro": 0.4413265306122449, "F1-micro": 0.2922297297297297, "Precision-micro": 0.2922297297297297, "Recall-micro": 0.2922297297297297, "F1-weighted": 0.1497438615085674, "Precision-weighted": 0.10066261340426544, "Recall-weighted": 0.2922297297297297}