{"F1-binary": 0.5764331210191083, "Precision-binary": 0.49725274725274726, "Recall-binary": 0.6856060606060606, "F1-macro": 0.28821656050955413, "Precision-macro": 0.24862637362637363, "Recall-macro": 0.3428030303030303, "F1-micro": 0.40492170022371365, "Precision-micro": 0.40492170022371365, "Recall-micro": 0.40492170022371365, "F1-weighted": 0.34044372248108407, "Precision-weighted": 0.2936794748875286, "Recall-weighted": 0.40492170022371365}