{"F1-binary": 0.6796116504854369, "Precision-binary": 0.5384615384615384, "Recall-binary": 0.9210526315789473, "F1-macro": 0.33980582524271846, "Precision-macro": 0.2692307692307692, "Recall-macro": 0.4605263157894737, "F1-micro": 0.5147058823529411, "Precision-micro": 0.5147058823529411, "Recall-micro": 0.5147058823529411, "F1-weighted": 0.3797829811536265, "Precision-weighted": 0.3009049773755656, "Recall-weighted": 0.5147058823529411}