{"F1-macro": 0.29649225129145146, "Precision-macro": 0.3670448684889118, "Recall-macro": 0.2486896358934936, "F1-micro": 0.4214484514715462, "Precision-micro": 0.42144845147154614, "Recall-micro": 0.42144845147154614, "F1-weighted": 0.5024584146064285, "Precision-weighted": 0.6220222683967359, "Recall-weighted": 0.42144845147154614}