{"F1-binary": 0.6230975828111012, "Precision-binary": 0.49714285714285716, "Recall-binary": 0.8345323741007195, "F1-macro": 0.3115487914055506, "Precision-macro": 0.24857142857142858, "Recall-macro": 0.4172661870503597, "F1-micro": 0.45253576072821844, "Precision-micro": 0.45253576072821844, "Recall-micro": 0.45253576072821844, "F1-weighted": 0.3378825644112213, "Precision-weighted": 0.2695820174623816, "Recall-weighted": 0.45253576072821844}