{"F1-binary": 0.4076639727307714, "Precision-binary": 0.9555412371134021, "Recall-binary": 0.2591026626598644, "F1-macro": 0.2038319863653857, "Precision-macro": 0.47777061855670105, "Recall-macro": 0.1295513313299322, "F1-micro": 0.2560162966543521, "Precision-micro": 0.2560162966543521, "Recall-micro": 0.2560162966543521, "F1-weighted": 0.4028079816182445, "Precision-weighted": 0.9441590692853414, "Recall-weighted": 0.2560162966543521}