{"F1-binary": 0.48610943350646213, "Precision-binary": 0.3463723211980377, "Recall-binary": 0.8148410609435108, "F1-macro": 0.24305471675323106, "Precision-macro": 0.17318616059901884, "Recall-macro": 0.4074205304717554, "F1-micro": 0.3210994534647146, "Precision-micro": 0.3210994534647146, "Recall-micro": 0.3210994534647146, "F1-weighted": 0.19155818343546627, "Precision-weighted": 0.1364928307653176, "Recall-weighted": 0.3210994534647146, "Sample size": 25067, "TP": 8049, "TN": 0, "FP": 15189, "FN": 1829}