{"F1-binary": 0.6206664422753282, "Precision-binary": 0.5632254123396457, "Recall-binary": 0.6911544227886057, "F1-macro": 0.3103332211376641, "Precision-macro": 0.28161270616982287, "Recall-macro": 0.34557721139430286, "F1-micro": 0.44997559785261104, "Precision-micro": 0.44997559785261104, "Recall-micro": 0.44997559785261104, "F1-weighted": 0.4040844480211263, "Precision-weighted": 0.36668750613035017, "Recall-weighted": 0.44997559785261104, "Sample size": 10245, "TP": 4610, "TN": 0, "FP": 3575, "FN": 2060}