{"F1-binary": 0.7078341013824884, "Precision-binary": 0.5748502994011976, "Recall-binary": 0.920863309352518, "F1-macro": 0.3539170506912442, "Precision-macro": 0.2874251497005988, "Recall-macro": 0.460431654676259, "F1-micro": 0.5477888730385164, "Precision-micro": 0.5477888730385164, "Recall-micro": 0.5477888730385164, "F1-weighted": 0.4210653641604817, "Precision-weighted": 0.34195802403751696, "Recall-weighted": 0.5477888730385164, "Sample size": 701, "TP": 384, "TN": 0, "FP": 284, "FN": 33}