{"F1-binary": 0.35163899531715626, "Precision-binary": 0.213768115942029, "Recall-binary": 0.9904076738609112, "F1-macro": 0.17581949765857813, "Precision-macro": 0.1068840579710145, "Recall-macro": 0.4952038369304556, "F1-micro": 0.21332644628099173, "Precision-micro": 0.21332644628099173, "Recall-micro": 0.21332644628099173, "F1-weighted": 0.07574042409465608, "Precision-weighted": 0.04604406216313331, "Recall-weighted": 0.21332644628099173}