{"F1-binary": 0.4912748922192568, "Precision-binary": 0.7789713541666666, "Recall-binary": 0.3587706146926537, "F1-macro": 0.2456374461096284, "Precision-macro": 0.3894856770833333, "Recall-macro": 0.17938530734632685, "F1-micro": 0.32562253367805144, "Precision-micro": 0.32562253367805144, "Recall-micro": 0.32562253367805144, "F1-weighted": 0.44588427420090393, "Precision-weighted": 0.7069994464949879, "Recall-weighted": 0.32562253367805144}