{"F1-binary": 0.5207431916518197, "Precision-binary": 0.3532458563535912, "Recall-binary": 0.9903194578896418, "F1-macro": 0.26037159582590985, "Precision-macro": 0.1766229281767956, "Recall-macro": 0.4951597289448209, "F1-micro": 0.35203028217481075, "Precision-micro": 0.35203028217481075, "Recall-micro": 0.35203028217481075, "F1-weighted": 0.1851093313751995, "Precision-weighted": 0.12556881266801778, "Recall-weighted": 0.35203028217481075, "Sample size": 2906, "TP": 1023, "TN": 0, "FP": 1873, "FN": 10}