{"F1-binary": 0.6692531522793405, "Precision-binary": 0.8846153846153846, "Recall-binary": 0.5382215288611545, "F1-macro": 0.33462657613967023, "Precision-macro": 0.4423076923076923, "Recall-macro": 0.26911076443057724, "F1-micro": 0.5029154518950437, "Precision-micro": 0.5029154518950437, "Recall-micro": 0.5029154518950437, "F1-weighted": 0.6253517064301126, "Precision-weighted": 0.826586678627495, "Recall-weighted": 0.5029154518950437}