{"F1-binary": 0.6666666666666666, "Precision-binary": 0.627906976744186, "Recall-binary": 0.7105263157894737, "F1-macro": 0.3333333333333333, "Precision-macro": 0.313953488372093, "Recall-macro": 0.35526315789473684, "F1-micro": 0.5, "Precision-micro": 0.5, "Recall-micro": 0.5, "F1-weighted": 0.4691358024691358, "Precision-weighted": 0.4418604651162791, "Recall-weighted": 0.5}