{"F1-binary": 0.4297907949790795, "Precision-binary": 0.28016583024219943, "Recall-binary": 0.9224137931034483, "F1-macro": 0.21489539748953976, "Precision-macro": 0.14008291512109972, "Recall-macro": 0.46120689655172414, "F1-micro": 0.27371562566616925, "Precision-micro": 0.27371562566616925, "Recall-micro": 0.27371562566616925, "F1-weighted": 0.12753544800914063, "Precision-weighted": 0.08313597009105556, "Recall-weighted": 0.27371562566616925}