{"F1-binary": 0.59066752321439, "Precision-binary": 0.4396626673621979, "Recall-binary": 0.8996619818537627, "F1-macro": 0.295333761607195, "Precision-macro": 0.21983133368109894, "Recall-macro": 0.44983099092688134, "F1-micro": 0.419111553124482, "Precision-micro": 0.419111553124482, "Recall-micro": 0.419111553124482, "F1-weighted": 0.27516510425891644, "Precision-weighted": 0.20481881760673915, "Recall-weighted": 0.419111553124482}