{"F1-binary": 0.5692108667529108, "Precision-binary": 0.5789473684210527, "Recall-binary": 0.5597964376590331, "F1-macro": 0.2846054333764554, "Precision-macro": 0.2894736842105263, "Recall-macro": 0.27989821882951654, "F1-micro": 0.39783001808318263, "Precision-micro": 0.39783001808318263, "Recall-micro": 0.39783001808318263, "F1-weighted": 0.40452056172494383, "Precision-weighted": 0.4114399923860284, "Recall-weighted": 0.39783001808318263}