{"F1-binary": 0.6281975014872101, "Precision-binary": 0.5076923076923077, "Recall-binary": 0.8237129485179407, "F1-macro": 0.31409875074360505, "Precision-macro": 0.25384615384615383, "Recall-macro": 0.4118564742589704, "F1-micro": 0.45793581960104074, "Precision-micro": 0.45793581960104074, "Recall-micro": 0.45793581960104074, "F1-weighted": 0.3492407618849104, "Precision-weighted": 0.2822469811194876, "Recall-weighted": 0.45793581960104074}