{"F1-binary": 0.5821406347230865, "Precision-binary": 0.6049143226640802, "Recall-binary": 0.5610194902548725, "F1-macro": 0.29107031736154326, "Precision-macro": 0.3024571613320401, "Recall-macro": 0.28050974512743626, "F1-micro": 0.41057713407943824, "Precision-micro": 0.41057713407943824, "Recall-micro": 0.41057713407943824, "F1-weighted": 0.4260344561776374, "Precision-weighted": 0.4427011775476646, "Recall-weighted": 0.4105771340794382}