{"F1-binary": 0.44837861524978095, "Precision-binary": 0.296545328077904, "Recall-binary": 0.9188218390804598, "F1-macro": 0.22418930762489048, "Precision-macro": 0.148272664038952, "Recall-macro": 0.4594109195402299, "F1-micro": 0.28897424310890196, "Precision-micro": 0.28897424310890196, "Recall-micro": 0.28897424310890196, "F1-weighted": 0.1410174045250102, "Precision-weighted": 0.09326504669779538, "Recall-weighted": 0.28897424310890196}