{"F1-binary": 0.36251342642320084, "Precision-binary": 0.22291941875825627, "Recall-binary": 0.9698275862068966, "F1-macro": 0.18125671321160042, "Precision-macro": 0.11145970937912814, "Recall-macro": 0.4849137931034483, "F1-micro": 0.22138406034765498, "Precision-micro": 0.22138406034765498, "Recall-micro": 0.22138406034765498, "F1-weighted": 0.08275150698279692, "Precision-weighted": 0.050886164465643285, "Recall-weighted": 0.22138406034765498, "Sample size": 6098, "TP": 1350, "TN": 0, "FP": 4706, "FN": 42}