{"F1-binary": 0.5906753914465998, "Precision-binary": 0.43975641583297087, "Recall-binary": 0.899306173278776, "F1-macro": 0.2953376957232999, "Precision-macro": 0.21987820791648544, "Recall-macro": 0.449653086639388, "F1-micro": 0.41911947599701516, "Precision-micro": 0.41911947599701516, "Recall-micro": 0.41911947599701516, "F1-weighted": 0.27528284348904214, "Precision-weighted": 0.20494741840619593, "Recall-weighted": 0.41911947599701516}