{"F1-binary": 0.5352112676056338, "Precision-binary": 0.36538461538461536, "Recall-binary": 1.0, "F1-macro": 0.2676056338028169, "Precision-macro": 0.18269230769230768, "Recall-macro": 0.5, "F1-micro": 0.3653846153846153, "Precision-micro": 0.36538461538461536, "Recall-micro": 0.36538461538461536, "F1-weighted": 0.19555796316359697, "Precision-weighted": 0.1335059171597633, "Recall-weighted": 0.36538461538461536}