{"F1-binary": 0.5354691075514874, "Precision-binary": 0.365625, "Recall-binary": 1.0, "F1-macro": 0.2677345537757437, "Precision-macro": 0.1828125, "Recall-macro": 0.5, "F1-micro": 0.365625, "Precision-micro": 0.365625, "Recall-micro": 0.365625, "F1-weighted": 0.19578089244851254, "Precision-weighted": 0.133681640625, "Recall-weighted": 0.365625}