{"F1-binary": 0.6175115207373272, "Precision-binary": 0.4542372881355932, "Recall-binary": 0.9640287769784173, "F1-macro": 0.3087557603686636, "Precision-macro": 0.2271186440677966, "Recall-macro": 0.48201438848920863, "F1-micro": 0.44666666666666666, "Precision-micro": 0.44666666666666666, "Recall-micro": 0.44666666666666666, "F1-weighted": 0.2861136712749616, "Precision-weighted": 0.2104632768361582, "Recall-weighted": 0.44666666666666666}