{"F1-macro": 0.261519748139668, "Precision-macro": 0.20222418944339937, "Recall-macro": 0.37001417290949584, "F1-micro": 0.35413235151632594, "Precision-micro": 0.35413235151632594, "Recall-micro": 0.35413235151632594, "F1-weighted": 0.250294745869939, "Precision-weighted": 0.1935442828526208, "Recall-weighted": 0.35413235151632594}