{"F1-binary": 0.5581885202738284, "Precision-binary": 0.49264136328427577, "Recall-binary": 0.643855031382871, "F1-macro": 0.2790942601369142, "Precision-macro": 0.24632068164213788, "Recall-macro": 0.3219275156914355, "F1-micro": 0.38714390065741416, "Precision-micro": 0.38714390065741416, "Recall-micro": 0.38714390065741416, "F1-weighted": 0.3356334431011003, "Precision-weighted": 0.2962205616339223, "Recall-weighted": 0.38714390065741416, "Sample size": 16428, "TP": 6360, "TN": 0, "FP": 6550, "FN": 3518}