{"F1-binary": 0.7058823529411765, "Precision-binary": 0.5930232558139535, "Recall-binary": 0.8717948717948718, "F1-macro": 0.35294117647058826, "Precision-macro": 0.29651162790697677, "Recall-macro": 0.4358974358974359, "F1-micro": 0.5454545454545454, "Precision-micro": 0.5454545454545454, "Recall-micro": 0.5454545454545454, "F1-weighted": 0.44164831708084307, "Precision-weighted": 0.3710359408033827, "Recall-weighted": 0.5454545454545454}