{"F1-binary": 0.3653250773993808, "Precision-binary": 1.0, "Recall-binary": 0.22348484848484848, "F1-macro": 0.1826625386996904, "Precision-macro": 0.5, "Recall-macro": 0.11174242424242424, "F1-micro": 0.22348484848484848, "Precision-micro": 0.22348484848484848, "Recall-micro": 0.22348484848484848, "F1-weighted": 0.3653250773993808, "Precision-weighted": 1.0, "Recall-weighted": 0.22348484848484848}