{"F1-binary": 0.5623003194888179, "Precision-binary": 0.4215568862275449, "Recall-binary": 0.8441247002398081, "F1-macro": 0.28115015974440893, "Precision-macro": 0.21077844311377245, "Recall-macro": 0.42206235011990406, "F1-micro": 0.39111111111111113, "Precision-micro": 0.39111111111111113, "Recall-micro": 0.39111111111111113, "F1-weighted": 0.26053248136315227, "Precision-weighted": 0.19532135728542913, "Recall-weighted": 0.39111111111111113}