{"F1-binary": 0.48704663212435223, "Precision-binary": 0.7704918032786885, "Recall-binary": 0.3560606060606061, "F1-macro": 0.24352331606217612, "Precision-macro": 0.38524590163934425, "Recall-macro": 0.17803030303030304, "F1-micro": 0.3219178082191781, "Precision-micro": 0.3219178082191781, "Recall-micro": 0.3219178082191781, "F1-weighted": 0.4403435304137979, "Precision-weighted": 0.696609027621828, "Recall-weighted": 0.3219178082191781}