{"F1-binary": 0.7080745341614907, "Precision-binary": 0.8636363636363636, "Recall-binary": 0.6, "F1-macro": 0.35403726708074534, "Precision-macro": 0.4318181818181818, "Recall-macro": 0.3, "F1-micro": 0.5480769230769231, "Precision-micro": 0.5480769230769231, "Recall-micro": 0.5480769230769231, "F1-weighted": 0.6467988533205925, "Precision-weighted": 0.7888986013986015, "Recall-weighted": 0.5480769230769231, "Sample size": 104, "TP": 57, "TN": 0, "FP": 9, "FN": 38}