{"F1-binary": 0.6896551724137931, "Precision-binary": 0.6282051282051282, "Recall-binary": 0.7644305772230889, "F1-macro": 0.3448275862068966, "Precision-macro": 0.3141025641025641, "Recall-macro": 0.38221528861154447, "F1-micro": 0.5263157894736842, "Precision-micro": 0.5263157894736842, "Recall-micro": 0.5263157894736842, "F1-weighted": 0.47483240120004444, "Precision-weighted": 0.4325236167341431, "Recall-weighted": 0.5263157894736842, "Sample size": 931, "TP": 490, "TN": 0, "FP": 290, "FN": 151}