{"F1-binary": 0.48903221880799536, "Precision-binary": 0.3495715714844939, "Recall-binary": 0.8136262401295808, "F1-macro": 0.24451610940399768, "Precision-macro": 0.17478578574224696, "Recall-macro": 0.4068131200647904, "F1-micro": 0.32365496134020616, "Precision-micro": 0.32365496134020616, "Recall-micro": 0.32365496134020616, "F1-weighted": 0.19453367660218177, "Precision-weighted": 0.13905718359873676, "Recall-weighted": 0.32365496134020616}