{"F1-binary": 0.4044580843159425, "Precision-binary": 1.0, "Recall-binary": 0.25349260984004857, "F1-macro": 0.20222904215797124, "Precision-macro": 0.5, "Recall-macro": 0.12674630492002428, "F1-micro": 0.25349260984004857, "Precision-micro": 0.25349260984004857, "Recall-micro": 0.25349260984004857, "F1-weighted": 0.4044580843159425, "Precision-weighted": 1.0, "Recall-weighted": 0.25349260984004857, "Sample size": 9878, "TP": 2504, "TN": 0, "FP": 0, "FN": 7374}