{"F1-binary": 0.4736842105263158, "Precision-binary": 0.3103448275862069, "Recall-binary": 1.0, "F1-macro": 0.2368421052631579, "Precision-macro": 0.15517241379310345, "Recall-macro": 0.5, "F1-micro": 0.3103448275862069, "Precision-micro": 0.3103448275862069, "Recall-micro": 0.3103448275862069, "F1-weighted": 0.14700544464609802, "Precision-weighted": 0.09631391200951249, "Recall-weighted": 0.3103448275862069, "Sample size": 377, "TP": 117, "TN": 0, "FP": 260, "FN": 0}