{"F1-binary": 0.6333333333333333, "Precision-binary": 0.8636363636363636, "Recall-binary": 0.5, "F1-macro": 0.31666666666666665, "Precision-macro": 0.4318181818181818, "Recall-macro": 0.25, "F1-micro": 0.4634146341463415, "Precision-micro": 0.4634146341463415, "Recall-micro": 0.4634146341463415, "F1-weighted": 0.5869918699186992, "Precision-weighted": 0.8004434589800444, "Recall-weighted": 0.4634146341463415}