{"F1-binary": 0.7888888888888889, "Precision-binary": 0.7123745819397993, "Recall-binary": 0.8838174273858921, "F1-macro": 0.39444444444444443, "Precision-macro": 0.35618729096989965, "Recall-macro": 0.44190871369294604, "F1-micro": 0.6513761467889908, "Precision-micro": 0.6513761467889908, "Recall-micro": 0.6513761467889908, "F1-weighted": 0.5814135236153585, "Precision-weighted": 0.5250222454051732, "Recall-weighted": 0.6513761467889908}