{"F1-binary": 0.6206896551724138, "Precision-binary": 1.0, "Recall-binary": 0.45, "F1-macro": 0.3103448275862069, "Precision-macro": 0.5, "Recall-macro": 0.225, "F1-micro": 0.45, "Precision-micro": 0.45, "Recall-micro": 0.45, "F1-weighted": 0.6206896551724138, "Precision-weighted": 1.0, "Recall-weighted": 0.45}