{"F1-binary": 0.5730824891461649, "Precision-binary": 0.4637002341920375, "Recall-binary": 0.75, "F1-macro": 0.28654124457308244, "Precision-macro": 0.23185011709601874, "Recall-macro": 0.375, "F1-micro": 0.4016227180527384, "Precision-micro": 0.40162271805273836, "Recall-micro": 0.40162271805273836, "F1-weighted": 0.30688392927908226, "Precision-weighted": 0.24831006455719654, "Recall-weighted": 0.40162271805273836}