{"F1-binary": 0.4320078546882671, "Precision-binary": 0.27972027972027974, "Recall-binary": 0.9482758620689655, "F1-macro": 0.21600392734413354, "Precision-macro": 0.13986013986013987, "Recall-macro": 0.47413793103448276, "F1-micro": 0.27551659361302444, "Precision-micro": 0.27551659361302444, "Recall-micro": 0.27551659361302444, "F1-weighted": 0.12551762340347897, "Precision-weighted": 0.08127126474026913, "Recall-weighted": 0.27551659361302444}