{"F1-binary": 0.5034480101706669, "Precision-binary": 0.7521583976056175, "Recall-binary": 0.378343949044586, "F1-macro": 0.25172400508533344, "Precision-macro": 0.37607919880280877, "Recall-macro": 0.189171974522293, "F1-micro": 0.3364052926942285, "Precision-micro": 0.3364052926942285, "Recall-micro": 0.3364052926942285, "F1-weighted": 0.44764182338708836, "Precision-weighted": 0.6687831708103287, "Recall-weighted": 0.33640529269422853}