{"F1-binary": 0.48132004981320053, "Precision-binary": 0.7818610923803102, "Recall-binary": 0.3476761619190405, "F1-macro": 0.24066002490660027, "Precision-macro": 0.3909305461901551, "Recall-macro": 0.17383808095952025, "F1-micro": 0.3169331693316933, "Precision-micro": 0.3169331693316933, "Recall-micro": 0.3169331693316933, "F1-weighted": 0.43875970100506323, "Precision-weighted": 0.7127256370338485, "Recall-weighted": 0.3169331693316933}