{"F1-binary": 0.6007194244604316, "Precision-binary": 0.4638888888888889, "Recall-binary": 0.8520408163265306, "F1-macro": 0.3003597122302158, "Precision-macro": 0.23194444444444445, "Recall-macro": 0.4260204081632653, "F1-micro": 0.42930591259640105, "Precision-micro": 0.42930591259640105, "Recall-micro": 0.42930591259640105, "F1-weighted": 0.3026761110391892, "Precision-weighted": 0.23373321908026282, "Recall-weighted": 0.42930591259640105}