{"F1-binary": 0.6518518518518519, "Precision-binary": 0.5238095238095238, "Recall-binary": 0.8627450980392157, "F1-macro": 0.32592592592592595, "Precision-macro": 0.2619047619047619, "Recall-macro": 0.43137254901960786, "F1-micro": 0.4835164835164835, "Precision-micro": 0.4835164835164835, "Recall-micro": 0.4835164835164835, "F1-weighted": 0.36532356532356536, "Precision-weighted": 0.293563579277865, "Recall-weighted": 0.4835164835164835, "Sample size": 182, "TP": 88, "TN": 0, "FP": 80, "FN": 14}