{"F1-binary": 0.4866346812885538, "Precision-binary": 0.34069097888675626, "Recall-binary": 0.8513189448441247, "F1-macro": 0.2433173406442769, "Precision-macro": 0.17034548944337813, "Recall-macro": 0.42565947242206237, "F1-micro": 0.32155797101449274, "Precision-micro": 0.32155797101449274, "Recall-micro": 0.32155797101449274, "F1-weighted": 0.18381038233453525, "Precision-weighted": 0.1286849077860302, "Recall-weighted": 0.32155797101449274}