{"F1-binary": 0.4903225806451613, "Precision-binary": 0.3247863247863248, "Recall-binary": 1.0, "F1-macro": 0.24516129032258066, "Precision-macro": 0.1623931623931624, "Recall-macro": 0.5, "F1-micro": 0.3247863247863248, "Precision-micro": 0.3247863247863248, "Recall-micro": 0.3247863247863248, "F1-weighted": 0.15925006892748828, "Precision-weighted": 0.10548615676820805, "Recall-weighted": 0.3247863247863248}