{"F1-binary": 0.6348122866894199, "Precision-binary": 0.4696969696969697, "Recall-binary": 0.9789473684210527, "F1-macro": 0.31740614334470996, "Precision-macro": 0.23484848484848486, "Recall-macro": 0.48947368421052634, "F1-micro": 0.465, "Precision-micro": 0.465, "Recall-micro": 0.465, "F1-weighted": 0.3015358361774745, "Precision-weighted": 0.2231060606060606, "Recall-weighted": 0.465}