{"F1-binary": 0.3703370786516854, "Precision-binary": 0.22787610619469026, "Recall-binary": 0.988009592326139, "F1-macro": 0.1851685393258427, "Precision-macro": 0.11393805309734513, "Recall-macro": 0.4940047961630695, "F1-micro": 0.22724765581908438, "Precision-micro": 0.2272476558190844, "Recall-micro": 0.2272476558190844, "F1-weighted": 0.08517957076544558, "Precision-weighted": 0.052412761325529966, "Recall-weighted": 0.2272476558190844, "Sample size": 1813, "TP": 412, "TN": 0, "FP": 1396, "FN": 5}