{"F1-binary": 0.41684210526315785, "Precision-binary": 0.2690779845285386, "Recall-binary": 0.9245689655172413, "F1-macro": 0.20842105263157892, "Precision-macro": 0.1345389922642693, "Recall-macro": 0.46228448275862066, "F1-micro": 0.2632978723404255, "Precision-micro": 0.2632978723404255, "Recall-micro": 0.2632978723404255, "F1-weighted": 0.11870789904384527, "Precision-weighted": 0.07662777300812719, "Recall-weighted": 0.2632978723404255}