{"F1-binary": 0.6153846153846154, "Precision-binary": 0.5283018867924528, "Recall-binary": 0.7368421052631579, "F1-macro": 0.3076923076923077, "Precision-macro": 0.2641509433962264, "Recall-macro": 0.3684210526315789, "F1-micro": 0.4444444444444444, "Precision-micro": 0.4444444444444444, "Recall-micro": 0.4444444444444444, "F1-weighted": 0.3711843711843712, "Precision-weighted": 0.31865828092243187, "Recall-weighted": 0.4444444444444444, "Sample size": 63, "TP": 28, "TN": 0, "FP": 25, "FN": 10}