{"F1-binary": 0.4041964491584044, "Precision-binary": 0.874750499001996, "Recall-binary": 0.2628185907046477, "F1-macro": 0.2020982245792022, "Precision-macro": 0.437375249500998, "Recall-macro": 0.13140929535232385, "F1-micro": 0.2532870972402832, "Precision-micro": 0.2532870972402832, "Recall-micro": 0.2532870972402832, "F1-weighted": 0.38953768471124944, "Precision-weighted": 0.8430264164634177, "Recall-weighted": 0.2532870972402832}