{"F1-binary": 0.707182320441989, "Precision-binary": 1.0, "Recall-binary": 0.5470085470085471, "F1-macro": 0.3535911602209945, "Precision-macro": 0.5, "Recall-macro": 0.27350427350427353, "F1-micro": 0.5470085470085471, "Precision-micro": 0.5470085470085471, "Recall-micro": 0.5470085470085471, "F1-weighted": 0.7071823204419891, "Precision-weighted": 1.0, "Recall-weighted": 0.5470085470085471}