{"F1-binary": 0.6430953969312876, "Precision-binary": 0.4839357429718876, "Recall-binary": 0.9582504970178927, "F1-macro": 0.3215476984656438, "Precision-macro": 0.2419678714859438, "Recall-macro": 0.47912524850894633, "F1-micro": 0.47394296951819076, "Precision-micro": 0.47394296951819076, "Recall-micro": 0.47394296951819076, "F1-weighted": 0.31806979808892594, "Precision-weighted": 0.23935071653378512, "Recall-weighted": 0.47394296951819076, "Sample size": 1017, "TP": 482, "TN": 0, "FP": 514, "FN": 21}