{"F1-binary": 0.6715867158671588, "Precision-binary": 0.5170454545454546, "Recall-binary": 0.9578947368421052, "F1-macro": 0.3357933579335794, "Precision-macro": 0.2585227272727273, "Recall-macro": 0.4789473684210526, "F1-micro": 0.5055555555555555, "Precision-micro": 0.5055555555555555, "Recall-micro": 0.5055555555555555, "F1-weighted": 0.3544485444854449, "Precision-weighted": 0.27288510101010105, "Recall-weighted": 0.5055555555555555}