{"F1-binary": 0.34782608695652173, "Precision-binary": 0.21052631578947367, "Recall-binary": 1.0, "F1-macro": 0.17391304347826086, "Precision-macro": 0.10526315789473684, "Recall-macro": 0.5, "F1-micro": 0.21052631578947367, "Precision-micro": 0.21052631578947367, "Recall-micro": 0.21052631578947367, "F1-weighted": 0.07322654462242563, "Precision-weighted": 0.0443213296398892, "Recall-weighted": 0.21052631578947367}