{"F1-binary": 0.6156120638675341, "Precision-binary": 0.50830078125, "Recall-binary": 0.780359820089955, "F1-macro": 0.30780603193376704, "Precision-macro": 0.254150390625, "Recall-macro": 0.3901799100449775, "F1-micro": 0.44468175993165315, "Precision-micro": 0.44468175993165315, "Recall-micro": 0.44468175993165315, "F1-weighted": 0.35080157761610015, "Precision-weighted": 0.2896511072992311, "Recall-weighted": 0.44468175993165315, "Sample size": 11705, "TP": 5205, "TN": 0, "FP": 5035, "FN": 1465}