{"F1-binary": 0.5033112582781457, "Precision-binary": 0.336283185840708, "Recall-binary": 1.0, "F1-macro": 0.25165562913907286, "Precision-macro": 0.168141592920354, "Recall-macro": 0.5, "F1-micro": 0.336283185840708, "Precision-micro": 0.336283185840708, "Recall-micro": 0.336283185840708, "F1-weighted": 0.16925511340327024, "Precision-weighted": 0.11308638107917614, "Recall-weighted": 0.336283185840708}