{"F1-macro": 0.2740035930534301, "Precision-macro": 0.39972820811492915, "Recall-macro": 0.20844300465681312, "F1-micro": 0.37741728530840435, "Precision-micro": 0.37741728530840435, "Recall-micro": 0.37741728530840435, "F1-weighted": 0.4961245517701003, "Precision-weighted": 0.7237678012573128, "Recall-weighted": 0.37741728530840435}