{"F1-binary": 0.5380875202593193, "Precision-binary": 0.4702549575070821, "Recall-binary": 0.6287878787878788, "F1-macro": 0.26904376012965964, "Precision-macro": 0.23512747875354106, "Recall-macro": 0.3143939393939394, "F1-micro": 0.368070953436807, "Precision-micro": 0.36807095343680707, "Recall-micro": 0.36807095343680707, "F1-weighted": 0.31497806063960154, "Precision-weighted": 0.27527119463829197, "Recall-weighted": 0.36807095343680707, "Sample size": 451, "TP": 166, "TN": 0, "FP": 187, "FN": 98}