{"F1-binary": 0.4615384615384615, "Precision-binary": 1.0, "Recall-binary": 0.3, "F1-macro": 0.23076923076923075, "Precision-macro": 0.5, "Recall-macro": 0.15, "F1-micro": 0.3, "Precision-micro": 0.3, "Recall-micro": 0.3, "F1-weighted": 0.4615384615384615, "Precision-weighted": 1.0, "Recall-weighted": 0.3}