{"F1-binary": 0.46750727449078566, "Precision-binary": 0.3050632911392405, "Recall-binary": 1.0, "F1-macro": 0.23375363724539283, "Precision-macro": 0.15253164556962026, "Recall-macro": 0.5, "F1-micro": 0.3050632911392405, "Precision-micro": 0.3050632911392405, "Recall-micro": 0.3050632911392405, "F1-weighted": 0.14261930778769535, "Precision-weighted": 0.09306361160070502, "Recall-weighted": 0.3050632911392405}