{"F1-binary": 0.13408243746961265, "Precision-binary": 1.0, "Recall-binary": 0.07185871453387377, "F1-macro": 0.06704121873480633, "Precision-macro": 0.5, "Recall-macro": 0.035929357266936884, "F1-micro": 0.07185871453387377, "Precision-micro": 0.07185871453387377, "Recall-micro": 0.07185871453387377, "F1-weighted": 0.13408243746961265, "Precision-weighted": 1.0, "Recall-weighted": 0.07185871453387377}