{"F1-binary": 0.489795918367347, "Precision-binary": 0.3333333333333333, "Recall-binary": 0.9230769230769231, "F1-macro": 0.2448979591836735, "Precision-macro": 0.16666666666666666, "Recall-macro": 0.46153846153846156, "F1-micro": 0.32432432432432434, "Precision-micro": 0.32432432432432434, "Recall-micro": 0.32432432432432434, "F1-weighted": 0.17209045780474355, "Precision-weighted": 0.11711711711711711, "Recall-weighted": 0.32432432432432434}