{"F1-binary": 0.39999999999999997, "Precision-binary": 0.25608011444921314, "Recall-binary": 0.9132653061224489, "F1-macro": 0.19999999999999998, "Precision-macro": 0.12804005722460657, "Recall-macro": 0.45663265306122447, "F1-micro": 0.25, "Precision-micro": 0.25, "Recall-micro": 0.25, "F1-weighted": 0.1094972067039106, "Precision-weighted": 0.07010014306151645, "Recall-weighted": 0.25}