{"F1-binary": 0.7735368956743003, "Precision-binary": 1.0, "Recall-binary": 0.6307053941908713, "F1-macro": 0.38676844783715014, "Precision-macro": 0.5, "Recall-macro": 0.3153526970954357, "F1-micro": 0.6307053941908713, "Precision-micro": 0.6307053941908713, "Recall-micro": 0.6307053941908713, "F1-weighted": 0.7735368956743003, "Precision-weighted": 1.0, "Recall-weighted": 0.6307053941908713}