{"F1-binary": 0.5217391304347826, "Precision-binary": 0.38961038961038963, "Recall-binary": 0.7894736842105263, "F1-macro": 0.2608695652173913, "Precision-macro": 0.19480519480519481, "Recall-macro": 0.39473684210526316, "F1-micro": 0.35294117647058826, "Precision-micro": 0.35294117647058826, "Recall-micro": 0.35294117647058826, "F1-weighted": 0.23324808184143223, "Precision-weighted": 0.17417876241405653, "Recall-weighted": 0.35294117647058826}