{"F1-binary": 0.4613649182177101, "Precision-binary": 0.30162241887905605, "Recall-binary": 0.9808153477218226, "F1-macro": 0.23068245910885504, "Precision-macro": 0.15081120943952803, "Recall-macro": 0.4904076738609113, "F1-micro": 0.2998533724340176, "Precision-micro": 0.2998533724340176, "Recall-micro": 0.2998533724340176, "F1-weighted": 0.14104777924984246, "Precision-weighted": 0.09221154594762931, "Recall-weighted": 0.2998533724340176}