{"F1-binary": 0.5112781954887218, "Precision-binary": 0.4239401496259352, "Recall-binary": 0.6439393939393939, "F1-macro": 0.2556390977443609, "Precision-macro": 0.2119700748129676, "Recall-macro": 0.32196969696969696, "F1-micro": 0.3434343434343434, "Precision-micro": 0.3434343434343434, "Recall-micro": 0.3434343434343434, "F1-weighted": 0.2726817042606516, "Precision-weighted": 0.22610141313383209, "Recall-weighted": 0.3434343434343434, "Sample size": 495, "TP": 170, "TN": 0, "FP": 231, "FN": 94}