{"F1-binary": 0.5279383429672447, "Precision-binary": 0.3605263157894737, "Recall-binary": 0.9856115107913669, "F1-macro": 0.26396917148362237, "Precision-macro": 0.18026315789473685, "Recall-macro": 0.49280575539568344, "F1-micro": 0.3586387434554974, "Precision-micro": 0.3586387434554974, "Recall-micro": 0.3586387434554974, "F1-weighted": 0.19210321903781943, "Precision-weighted": 0.13118627721135298, "Recall-weighted": 0.3586387434554974, "Sample size": 1146, "TP": 411, "TN": 0, "FP": 729, "FN": 6}