{"F1-binary": 0.65244322092223, "Precision-binary": 0.49894736842105264, "Recall-binary": 0.9423459244532804, "F1-macro": 0.326221610461115, "Precision-macro": 0.24947368421052632, "Recall-macro": 0.4711729622266402, "F1-micro": 0.48416751787538304, "Precision-micro": 0.48416751787538304, "Recall-micro": 0.48416751787538304, "F1-weighted": 0.3352185292378771, "Precision-weighted": 0.2563539594645449, "Recall-weighted": 0.48416751787538304}