{"F1-binary": 0.420863309352518, "Precision-binary": 0.26651480637813213, "Recall-binary": 1.0, "F1-macro": 0.210431654676259, "Precision-macro": 0.13325740318906606, "Recall-macro": 0.5, "F1-micro": 0.26651480637813213, "Precision-micro": 0.26651480637813213, "Recall-micro": 0.26651480637813213, "F1-weighted": 0.11216630340374625, "Precision-weighted": 0.07103014201877325, "Recall-weighted": 0.26651480637813213}