{"F1-binary": 0.42392986075296546, "Precision-binary": 0.2700394218134034, "Recall-binary": 0.9856115107913669, "F1-macro": 0.21196493037648273, "Precision-macro": 0.1350197109067017, "Recall-macro": 0.49280575539568344, "F1-micro": 0.26897905759162305, "Precision-micro": 0.26897905759162305, "Recall-micro": 0.26897905759162305, "F1-weighted": 0.11569290048035773, "Precision-weighted": 0.0736953134137364, "Recall-weighted": 0.26897905759162305, "Sample size": 1528, "TP": 411, "TN": 0, "FP": 1111, "FN": 6}