{"F1-binary": 0.46496398166339226, "Precision-binary": 0.31981981981981983, "Recall-binary": 0.8513189448441247, "F1-macro": 0.23248199083169613, "Precision-macro": 0.15990990990990991, "Recall-macro": 0.42565947242206237, "F1-micro": 0.302901023890785, "Precision-micro": 0.302901023890785, "Recall-micro": 0.302901023890785, "F1-weighted": 0.1654351368205073, "Precision-weighted": 0.11379254681302463, "Recall-weighted": 0.302901023890785}