{"F1-binary": 0.5468354430379747, "Precision-binary": 0.38848920863309355, "Recall-binary": 0.9230769230769231, "F1-macro": 0.27341772151898736, "Precision-macro": 0.19424460431654678, "Recall-macro": 0.46153846153846156, "F1-micro": 0.37630662020905925, "Precision-micro": 0.37630662020905925, "Recall-micro": 0.37630662020905925, "F1-weighted": 0.22292594716182243, "Precision-weighted": 0.15837364951244579, "Recall-weighted": 0.37630662020905925}