{"F1-binary": 0.6152956484024866, "Precision-binary": 0.5940815187046343, "Recall-binary": 0.6380809595202399, "F1-macro": 0.3076478242012433, "Precision-macro": 0.29704075935231716, "Recall-macro": 0.31904047976011995, "F1-micro": 0.44435163917310505, "Precision-micro": 0.44435163917310505, "Recall-micro": 0.44435163917310505, "F1-weighted": 0.42848423207815683, "Precision-weighted": 0.41371097617038116, "Recall-weighted": 0.44435163917310505}