{"F1-macro": 0.2765136907057463, "Precision-macro": 0.2402319587628866, "Recall-macro": 0.32570410231322944, "F1-micro": 0.3821961620469083, "Precision-micro": 0.3821961620469083, "Recall-micro": 0.3821961620469083, "F1-weighted": 0.32447387242156167, "Precision-weighted": 0.28189922075923773, "Recall-weighted": 0.3821961620469083}