{"F1-binary": 0.44628099173553715, "Precision-binary": 0.29427792915531337, "Recall-binary": 0.9230769230769231, "F1-macro": 0.22314049586776857, "Precision-macro": 0.14713896457765668, "Recall-macro": 0.46153846153846156, "F1-micro": 0.2872340425531915, "Precision-micro": 0.2872340425531915, "Recall-micro": 0.2872340425531915, "F1-weighted": 0.1388693511517496, "Precision-weighted": 0.09157052582758422, "Recall-weighted": 0.2872340425531915}