{"F1-binary": 0.4624277456647399, "Precision-binary": 0.3007518796992481, "Recall-binary": 1.0, "F1-macro": 0.23121387283236994, "Precision-macro": 0.15037593984962405, "Recall-macro": 0.5, "F1-micro": 0.3007518796992481, "Precision-micro": 0.3007518796992481, "Recall-micro": 0.3007518796992481, "F1-weighted": 0.13907601373375633, "Precision-weighted": 0.090451693142631, "Recall-weighted": 0.3007518796992481, "Sample size": 133, "TP": 40, "TN": 0, "FP": 93, "FN": 0}