{"F1-binary": 0.7333333333333333, "Precision-binary": 0.6346153846153846, "Recall-binary": 0.868421052631579, "F1-macro": 0.36666666666666664, "Precision-macro": 0.3173076923076923, "Recall-macro": 0.4342105263157895, "F1-micro": 0.5789473684210527, "Precision-micro": 0.5789473684210527, "Recall-micro": 0.5789473684210527, "F1-weighted": 0.4888888888888888, "Precision-weighted": 0.423076923076923, "Recall-weighted": 0.5789473684210527}