{"F1-binary": 0.5064935064935064, "Precision-binary": 0.34210526315789475, "Recall-binary": 0.975, "F1-macro": 0.2532467532467532, "Precision-macro": 0.17105263157894737, "Recall-macro": 0.4875, "F1-micro": 0.3391304347826087, "Precision-micro": 0.3391304347826087, "Recall-micro": 0.3391304347826087, "F1-weighted": 0.176171654432524, "Precision-weighted": 0.11899313501144165, "Recall-weighted": 0.3391304347826087}