{"F1-binary": 0.47554347826086957, "Precision-binary": 0.32407407407407407, "Recall-binary": 0.8928571428571429, "F1-macro": 0.23777173913043478, "Precision-macro": 0.16203703703703703, "Recall-macro": 0.44642857142857145, "F1-micro": 0.31194295900178254, "Precision-micro": 0.31194295900178254, "Recall-micro": 0.31194295900178254, "F1-weighted": 0.16614353251181896, "Precision-weighted": 0.11322374067472107, "Recall-weighted": 0.31194295900178254}