{"F1-binary": 0.5179224579370885, "Precision-binary": 0.3726315789473684, "Recall-binary": 0.8489208633093526, "F1-macro": 0.25896122896854423, "Precision-macro": 0.1863157894736842, "Recall-macro": 0.4244604316546763, "F1-micro": 0.34945705824284307, "Precision-micro": 0.34945705824284307, "Recall-micro": 0.34945705824284307, "F1-weighted": 0.21320203845978863, "Precision-weighted": 0.15339325609185847, "Recall-weighted": 0.34945705824284307}