{"F1-binary": 0.523039496279336, "Precision-binary": 0.40444837888679874, "Recall-binary": 0.7400283458189917, "F1-macro": 0.261519748139668, "Precision-macro": 0.20222418944339937, "Recall-macro": 0.37001417290949584, "F1-micro": 0.35413235151632594, "Precision-micro": 0.35413235151632594, "Recall-micro": 0.35413235151632594, "F1-weighted": 0.250294745869939, "Precision-weighted": 0.1935442828526208, "Recall-weighted": 0.35413235151632594, "Sample size": 20642, "TP": 7310, "TN": 0, "FP": 10764, "FN": 2568}