{"F1-binary": 0.5045176333430487, "Precision-binary": 0.39408081957882757, "Recall-binary": 0.7009516096375784, "F1-macro": 0.25225881667152433, "Precision-macro": 0.19704040978941378, "Recall-macro": 0.3504758048187892, "F1-micro": 0.33736113817969204, "Precision-micro": 0.33736113817969204, "Recall-micro": 0.33736113817969204, "F1-weighted": 0.2428193910622995, "Precision-weighted": 0.18966723522703463, "Recall-weighted": 0.33736113817969204}