{"F1-binary": 0.6501240694789082, "Precision-binary": 0.4941700960219479, "Recall-binary": 0.9499011206328279, "F1-macro": 0.3250620347394541, "Precision-macro": 0.24708504801097395, "Recall-macro": 0.47495056031641397, "F1-micro": 0.48161764705882354, "Precision-micro": 0.48161764705882354, "Recall-micro": 0.48161764705882354, "F1-weighted": 0.32962507132336355, "Precision-weighted": 0.25055348785604775, "Recall-weighted": 0.48161764705882354}