{"F1-binary": 0.6824224519940916, "Precision-binary": 0.5298165137614679, "Recall-binary": 0.9585062240663901, "F1-macro": 0.3412112259970458, "Precision-macro": 0.26490825688073394, "Recall-macro": 0.47925311203319504, "F1-micro": 0.5179372197309418, "Precision-micro": 0.5179372197309418, "Recall-micro": 0.5179372197309418, "F1-weighted": 0.3687529393062244, "Precision-weighted": 0.28629098613568105, "Recall-weighted": 0.5179372197309418, "Sample size": 446, "TP": 231, "TN": 0, "FP": 205, "FN": 10}