{"F1-macro": 0.24305471675323106, "Precision-macro": 0.17318616059901884, "Recall-macro": 0.4074205304717554, "F1-micro": 0.3210994534647146, "Precision-micro": 0.3210994534647146, "Recall-micro": 0.3210994534647146, "F1-weighted": 0.19155818343546627, "Precision-weighted": 0.1364928307653176, "Recall-weighted": 0.3210994534647146}