{"F1-binary": 0.5945893868742533, "Precision-binary": 0.6627577319587629, "Recall-binary": 0.5391362079809909, "F1-macro": 0.29729469343712667, "Precision-macro": 0.33137886597938143, "Recall-macro": 0.26956810399049547, "F1-micro": 0.42307164989443086, "Precision-micro": 0.4230716498944309, "Recall-micro": 0.4230716498944309, "F1-weighted": 0.4665869388677337, "Precision-weighted": 0.5200800892044167, "Recall-weighted": 0.42307164989443086}