{"F1-binary": 0.32542372881355935, "Precision-binary": 0.19448946515397084, "Recall-binary": 0.995850622406639, "F1-macro": 0.16271186440677968, "Precision-macro": 0.09724473257698542, "Recall-macro": 0.4979253112033195, "F1-micro": 0.19433198380566802, "Precision-micro": 0.19433198380566802, "Recall-micro": 0.19433198380566802, "F1-weighted": 0.06350373979276745, "Precision-weighted": 0.03795300494097731, "Recall-weighted": 0.19433198380566802}