{"F1-binary": 0.6955291454442558, "Precision-binary": 0.5479268836379848, "Recall-binary": 0.9519752130131681, "F1-macro": 0.3477645727221279, "Precision-macro": 0.2739634418189924, "Recall-macro": 0.47598760650658406, "F1-micro": 0.5331887201735358, "Precision-micro": 0.5331887201735358, "Recall-micro": 0.5331887201735358, "F1-weighted": 0.3895566710492557, "Precision-weighted": 0.30688659730006007, "Recall-weighted": 0.5331887201735358}