{"F1-macro": 0.2784609651574436, "Precision-macro": 0.2578947368421053, "Recall-macro": 0.3025916177363839, "F1-micro": 0.38592640413169793, "Precision-micro": 0.3859264041316979, "Recall-micro": 0.3859264041316979, "F1-weighted": 0.35515008571016504, "Precision-weighted": 0.3289198464204411, "Recall-weighted": 0.3859264041316979}