{"F1-binary": 0.5668449197860963, "Precision-binary": 0.4380165289256198, "Recall-binary": 0.803030303030303, "F1-macro": 0.28342245989304815, "Precision-macro": 0.2190082644628099, "Recall-macro": 0.4015151515151515, "F1-micro": 0.39552238805970147, "Precision-micro": 0.39552238805970147, "Recall-micro": 0.39552238805970147, "F1-weighted": 0.2791922739244952, "Precision-weighted": 0.2157394843962008, "Recall-weighted": 0.39552238805970147, "Sample size": 536, "TP": 212, "TN": 0, "FP": 272, "FN": 52}