{"F1-binary": 0.48620387439934726, "Precision-binary": 0.3465598207746327, "Recall-binary": 0.8143348856043734, "F1-macro": 0.24310193719967363, "Precision-macro": 0.17327991038731635, "Recall-macro": 0.4071674428021867, "F1-micro": 0.32118187262926734, "Precision-micro": 0.32118187262926734, "Recall-micro": 0.32118187262926734, "F1-weighted": 0.19176370019232392, "Precision-weighted": 0.1366866803598252, "Recall-weighted": 0.32118187262926734, "Sample size": 25045, "TP": 8044, "TN": 0, "FP": 15167, "FN": 1834}