{"F1-binary": 0.6542539436255495, "Precision-binary": 0.49107142857142855, "Recall-binary": 0.9798605731990705, "F1-macro": 0.3271269718127747, "Precision-macro": 0.24553571428571427, "Recall-macro": 0.48993028659953525, "F1-micro": 0.48616448885472713, "Precision-micro": 0.48616448885472713, "Recall-micro": 0.48616448885472713, "F1-weighted": 0.32461254466586636, "Precision-weighted": 0.24364842977929063, "Recall-weighted": 0.48616448885472713}