{"F1-binary": 0.5435630689206762, "Precision-binary": 0.71435546875, "Recall-binary": 0.4386806596701649, "F1-macro": 0.2717815344603381, "Precision-macro": 0.357177734375, "Recall-macro": 0.21934032983508245, "F1-micro": 0.3732142857142857, "Precision-micro": 0.3732142857142857, "Recall-micro": 0.3732142857142857, "F1-weighted": 0.46244460072715693, "Precision-weighted": 0.6077488490513393, "Recall-weighted": 0.3732142857142857}