{"F1-binary": 0.36661807580174927, "Precision-binary": 0.22445336903168228, "Recall-binary": 1.0, "F1-macro": 0.18330903790087463, "Precision-macro": 0.11222668451584114, "Recall-macro": 0.5, "F1-micro": 0.22445336903168228, "Precision-micro": 0.22445336903168228, "Recall-micro": 0.22445336903168228, "F1-weighted": 0.0822886622616153, "Precision-weighted": 0.05037931486967255, "Recall-weighted": 0.22445336903168228}