{"F1-binary": 0.6265698958662038, "Precision-binary": 0.4855242566510172, "Recall-binary": 0.8831168831168831, "F1-macro": 0.3132849479331019, "Precision-macro": 0.2427621283255086, "Recall-macro": 0.44155844155844154, "F1-micro": 0.4562080691112949, "Precision-micro": 0.4562080691112949, "Recall-micro": 0.4562080691112949, "F1-weighted": 0.3236788332564959, "Precision-weighted": 0.2508162711731797, "Recall-weighted": 0.4562080691112949}