{"F1-macro": 0.24746192893401017, "Precision-macro": 0.18983234180638184, "Recall-macro": 0.35533508807450903, "F1-micro": 0.3288364249578415, "Precision-micro": 0.3288364249578415, "Recall-micro": 0.3288364249578415, "F1-weighted": 0.22900776972176806, "Precision-weighted": 0.17567583589689337, "Recall-weighted": 0.3288364249578415}