{"F1-binary": 0.8081632653061225, "Precision-binary": 0.7734375, "Recall-binary": 0.8461538461538461, "F1-macro": 0.40408163265306124, "Precision-macro": 0.38671875, "Recall-macro": 0.4230769230769231, "F1-micro": 0.678082191780822, "Precision-micro": 0.678082191780822, "Recall-micro": 0.678082191780822, "F1-weighted": 0.6476376852110708, "Precision-weighted": 0.6198095034246576, "Recall-weighted": 0.678082191780822, "Sample size": 146, "TP": 99, "TN": 0, "FP": 29, "FN": 18}