{"F1-binary": 0.41443538998835855, "Precision-binary": 0.2684766214177979, "Recall-binary": 0.9081632653061225, "F1-macro": 0.20721769499417927, "Precision-macro": 0.13423831070889894, "Recall-macro": 0.45408163265306123, "F1-micro": 0.26138032305433184, "Precision-micro": 0.26138032305433184, "Recall-micro": 0.26138032305433184, "F1-weighted": 0.11927949550325738, "Precision-weighted": 0.07727080440218559, "Recall-weighted": 0.26138032305433184, "Sample size": 681, "TP": 178, "TN": 0, "FP": 485, "FN": 18}