{"F1-binary": 0.5581395348837209, "Precision-binary": 0.5217391304347826, "Recall-binary": 0.6, "F1-macro": 0.27906976744186046, "Precision-macro": 0.2608695652173913, "Recall-macro": 0.3, "F1-micro": 0.3870967741935484, "Precision-micro": 0.3870967741935484, "Recall-micro": 0.3870967741935484, "F1-weighted": 0.36009002250562644, "Precision-weighted": 0.33660589060308554, "Recall-weighted": 0.3870967741935484, "Sample size": 62, "TP": 24, "TN": 0, "FP": 22, "FN": 16}