{"F1-binary": 0.5248447204968945, "Precision-binary": 0.44473684210526315, "Recall-binary": 0.6401515151515151, "F1-macro": 0.26242236024844723, "Precision-macro": 0.22236842105263158, "Recall-macro": 0.32007575757575757, "F1-micro": 0.35578947368421054, "Precision-micro": 0.35578947368421054, "Recall-micro": 0.35578947368421054, "F1-weighted": 0.29170317097090553, "Precision-weighted": 0.24718005540166205, "Recall-weighted": 0.35578947368421054}