{"F1-binary": 0.3430656934306569, "Precision-binary": 0.2088888888888889, "Recall-binary": 0.9591836734693877, "F1-macro": 0.17153284671532845, "Precision-macro": 0.10444444444444445, "Recall-macro": 0.47959183673469385, "F1-micro": 0.20704845814977976, "Precision-micro": 0.20704845814977973, "Recall-micro": 0.20704845814977973, "F1-weighted": 0.07405382809736646, "Precision-weighted": 0.04509055310817426, "Recall-weighted": 0.20704845814977973, "Sample size": 908, "TP": 188, "TN": 0, "FP": 712, "FN": 8}