{"F1-binary": 0.41231992051664185, "Precision-binary": 0.2600250626566416, "Recall-binary": 0.9952038369304557, "F1-macro": 0.20615996025832092, "Precision-macro": 0.1300125313283208, "Recall-macro": 0.49760191846522783, "F1-micro": 0.2596996245306633, "Precision-micro": 0.2596996245306633, "Recall-micro": 0.2596996245306633, "F1-weighted": 0.1075953735015267, "Precision-weighted": 0.06785384926647031, "Recall-weighted": 0.2596996245306633}