{"F1-binary": 0.6695464362850972, "Precision-binary": 0.5805243445692884, "Recall-binary": 0.7908163265306123, "F1-macro": 0.3347732181425486, "Precision-macro": 0.2902621722846442, "Recall-macro": 0.39540816326530615, "F1-micro": 0.5032467532467533, "Precision-micro": 0.5032467532467533, "Recall-micro": 0.5032467532467533, "F1-weighted": 0.4260750049086982, "Precision-weighted": 0.36942458290772895, "Recall-weighted": 0.5032467532467533}