{"F1-binary": 0.6428571428571429, "Precision-binary": 0.5, "Recall-binary": 0.9, "F1-macro": 0.32142857142857145, "Precision-macro": 0.25, "Recall-macro": 0.45, "F1-micro": 0.47368421052631576, "Precision-micro": 0.47368421052631576, "Recall-micro": 0.47368421052631576, "F1-weighted": 0.33834586466165417, "Precision-weighted": 0.2631578947368421, "Recall-weighted": 0.47368421052631576}