{"F1-binary": 0.33722438391699094, "Precision-binary": 1.0, "Recall-binary": 0.20280811232449297, "F1-macro": 0.16861219195849547, "Precision-macro": 0.5, "Recall-macro": 0.10140405616224649, "F1-micro": 0.20280811232449297, "Precision-micro": 0.20280811232449297, "Recall-micro": 0.20280811232449297, "F1-weighted": 0.33722438391699094, "Precision-weighted": 1.0, "Recall-weighted": 0.20280811232449297}