{"F1-binary": 0.3341511285574092, "Precision-binary": 0.2014792899408284, "Recall-binary": 0.978448275862069, "F1-macro": 0.1670755642787046, "Precision-macro": 0.1007396449704142, "Recall-macro": 0.4892241379310345, "F1-micro": 0.20058910162002944, "Precision-micro": 0.20058910162002946, "Recall-micro": 0.20058910162002946, "F1-weighted": 0.06850344196640848, "Precision-weighted": 0.04130473808507115, "Recall-weighted": 0.20058910162002946}