{"F1-binary": 0.6324324324324324, "Precision-binary": 0.4624505928853755, "Recall-binary": 1.0, "F1-macro": 0.3162162162162162, "Precision-macro": 0.23122529644268774, "Recall-macro": 0.5, "F1-micro": 0.4624505928853755, "Precision-micro": 0.4624505928853755, "Recall-micro": 0.4624505928853755, "F1-weighted": 0.2924687533383185, "Precision-weighted": 0.2138605508600353, "Recall-weighted": 0.4624505928853755, "Sample size": 253, "TP": 117, "TN": 0, "FP": 136, "FN": 0}