{"F1-binary": 0.36763550667714057, "Precision-binary": 0.22674418604651161, "Recall-binary": 0.970954356846473, "F1-macro": 0.18381775333857028, "Precision-macro": 0.11337209302325581, "Recall-macro": 0.4854771784232365, "F1-micro": 0.22521655437921081, "Precision-micro": 0.2252165543792108, "Recall-micro": 0.2252165543792108, "F1-weighted": 0.08527445342559276, "Precision-weighted": 0.05259417597421492, "Recall-weighted": 0.2252165543792108, "Sample size": 1039, "TP": 234, "TN": 0, "FP": 798, "FN": 7}