{"F1-binary": 0.4064171122994652, "Precision-binary": 0.2585034013605442, "Recall-binary": 0.95, "F1-macro": 0.2032085561497326, "Precision-macro": 0.1292517006802721, "Recall-macro": 0.475, "F1-micro": 0.2550335570469799, "Precision-micro": 0.2550335570469799, "Recall-micro": 0.2550335570469799, "F1-weighted": 0.10910526504683629, "Precision-weighted": 0.06939688627128704, "Recall-weighted": 0.2550335570469799, "Sample size": 149, "TP": 38, "TN": 0, "FP": 109, "FN": 2}