{"F1-binary": 0.4523809523809524, "Precision-binary": 0.2923076923076923, "Recall-binary": 1.0, "F1-macro": 0.2261904761904762, "Precision-macro": 0.14615384615384616, "Recall-macro": 0.5, "F1-micro": 0.2923076923076923, "Precision-micro": 0.2923076923076923, "Recall-micro": 0.2923076923076923, "F1-weighted": 0.13223443223443224, "Precision-weighted": 0.08544378698224853, "Recall-weighted": 0.2923076923076923, "Sample size": 130, "TP": 38, "TN": 0, "FP": 92, "FN": 0}