{"F1-binary": 0.607091518926689, "Precision-binary": 0.4394727714186611, "Recall-binary": 0.981409759876065, "F1-macro": 0.3035457594633445, "Precision-macro": 0.21973638570933055, "Recall-macro": 0.4907048799380325, "F1-micro": 0.43584451324389406, "Precision-micro": 0.43584451324389406, "Recall-micro": 0.43584451324389406, "F1-weighted": 0.26960961504449793, "Precision-weighted": 0.1951700543176785, "Recall-weighted": 0.43584451324389406}