{"F1-binary": 0.5715559076953551, "Precision-binary": 0.559422256688639, "Recall-binary": 0.5842275764324762, "F1-macro": 0.28577795384767757, "Precision-macro": 0.2797111283443195, "Recall-macro": 0.2921137882162381, "F1-micro": 0.4001248006656035, "Precision-micro": 0.4001248006656036, "Recall-micro": 0.4001248006656036, "F1-weighted": 0.391446249477551, "Precision-weighted": 0.38313617496847924, "Recall-weighted": 0.4001248006656036}