{"F1-binary": 0.6537717601547389, "Precision-binary": 1.0, "Recall-binary": 0.48563218390804597, "F1-macro": 0.32688588007736946, "Precision-macro": 0.5, "Recall-macro": 0.24281609195402298, "F1-micro": 0.48563218390804597, "Precision-micro": 0.48563218390804597, "Recall-micro": 0.48563218390804597, "F1-weighted": 0.6537717601547389, "Precision-weighted": 1.0, "Recall-weighted": 0.48563218390804597, "Sample size": 1392, "TP": 676, "TN": 0, "FP": 0, "FN": 716}