{"F1-binary": 0.4112056028014008, "Precision-binary": 0.25979772439949433, "Recall-binary": 0.9856115107913669, "F1-macro": 0.2056028014007004, "Precision-macro": 0.12989886219974717, "Recall-macro": 0.49280575539568344, "F1-micro": 0.258816120906801, "Precision-micro": 0.258816120906801, "Recall-micro": 0.258816120906801, "F1-weighted": 0.10798031257442324, "Precision-weighted": 0.0682214427421846, "Recall-weighted": 0.258816120906801, "Sample size": 1588, "TP": 411, "TN": 0, "FP": 1171, "FN": 6}