{"F1-binary": 0.43428571428571433, "Precision-binary": 0.2814814814814815, "Recall-binary": 0.95, "F1-macro": 0.21714285714285717, "Precision-macro": 0.14074074074074075, "Recall-macro": 0.475, "F1-micro": 0.2773722627737226, "Precision-micro": 0.2773722627737226, "Recall-micro": 0.2773722627737226, "F1-weighted": 0.12679874869655894, "Precision-weighted": 0.08218437415517707, "Recall-weighted": 0.2773722627737226}