{"F1-binary": 0.6031746031746033, "Precision-binary": 0.8260869565217391, "Recall-binary": 0.475, "F1-macro": 0.3015873015873016, "Precision-macro": 0.41304347826086957, "Recall-macro": 0.2375, "F1-micro": 0.4318181818181818, "Precision-micro": 0.4318181818181818, "Recall-micro": 0.4318181818181818, "F1-weighted": 0.5483405483405485, "Precision-weighted": 0.7509881422924901, "Recall-weighted": 0.4318181818181818}