{"F1-macro": 0.27043752463539616, "Precision-macro": 0.22143687064291248, "Recall-macro": 0.34728690018222313, "F1-micro": 0.37068453184937056, "Precision-micro": 0.37068453184937056, "Recall-micro": 0.37068453184937056, "F1-weighted": 0.28865761179409405, "Precision-weighted": 0.23635565489336965, "Recall-weighted": 0.37068453184937056}