{"F1-binary": 0.44859813084112143, "Precision-binary": 0.3582089552238806, "Recall-binary": 0.6, "F1-macro": 0.22429906542056072, "Precision-macro": 0.1791044776119403, "Recall-macro": 0.3, "F1-micro": 0.2891566265060241, "Precision-micro": 0.2891566265060241, "Recall-micro": 0.2891566265060241, "F1-weighted": 0.21619187028487782, "Precision-weighted": 0.17263082179464123, "Recall-weighted": 0.2891566265060241}