{"F1-binary": 0.3092324805339266, "Precision-binary": 0.18289473684210528, "Recall-binary": 1.0, "F1-macro": 0.1546162402669633, "Precision-macro": 0.09144736842105264, "Recall-macro": 0.5, "F1-micro": 0.18289473684210525, "Precision-micro": 0.18289473684210528, "Recall-micro": 0.18289473684210528, "F1-weighted": 0.056556993150283945, "Precision-weighted": 0.03345048476454294, "Recall-weighted": 0.18289473684210528, "Sample size": 2280, "TP": 417, "TN": 0, "FP": 1863, "FN": 0}