{"F1-binary": 0.3992560446373218, "Precision-binary": 1.0, "Recall-binary": 0.24941905499612704, "F1-macro": 0.1996280223186609, "Precision-macro": 0.5, "Recall-macro": 0.12470952749806352, "F1-micro": 0.24941905499612704, "Precision-micro": 0.24941905499612704, "Recall-micro": 0.24941905499612704, "F1-weighted": 0.3992560446373218, "Precision-weighted": 1.0, "Recall-weighted": 0.24941905499612704}