{"F1-binary": 0.6622340425531915, "Precision-binary": 1.0, "Recall-binary": 0.49502982107355864, "F1-macro": 0.33111702127659576, "Precision-macro": 0.5, "Recall-macro": 0.24751491053677932, "F1-micro": 0.49502982107355864, "Precision-micro": 0.49502982107355864, "Recall-micro": 0.49502982107355864, "F1-weighted": 0.6622340425531915, "Precision-weighted": 1.0, "Recall-weighted": 0.49502982107355864}