{"F1-binary": 0.7126436781609194, "Precision-binary": 0.8611111111111112, "Recall-binary": 0.6078431372549019, "F1-macro": 0.3563218390804597, "Precision-macro": 0.4305555555555556, "Recall-macro": 0.30392156862745096, "F1-micro": 0.5535714285714286, "Precision-micro": 0.5535714285714286, "Recall-micro": 0.5535714285714286, "F1-weighted": 0.649014778325123, "Precision-weighted": 0.7842261904761906, "Recall-weighted": 0.5535714285714285, "Sample size": 112, "TP": 62, "TN": 0, "FP": 10, "FN": 40}