{"F1-binary": 0.47058823529411764, "Precision-binary": 0.3870967741935484, "Recall-binary": 0.6, "F1-macro": 0.23529411764705882, "Precision-macro": 0.1935483870967742, "Recall-macro": 0.3, "F1-micro": 0.3076923076923077, "Precision-micro": 0.3076923076923077, "Recall-micro": 0.3076923076923077, "F1-weighted": 0.24132730015082957, "Precision-weighted": 0.19851116625310175, "Recall-weighted": 0.3076923076923077, "Sample size": 78, "TP": 24, "TN": 0, "FP": 38, "FN": 16}