{"F1-binary": 0.4145261293179805, "Precision-binary": 0.2635135135135135, "Recall-binary": 0.970954356846473, "F1-macro": 0.20726306465899025, "Precision-macro": 0.13175675675675674, "Recall-macro": 0.4854771784232365, "F1-micro": 0.26145251396648045, "Precision-micro": 0.26145251396648045, "Recall-micro": 0.26145251396648045, "F1-weighted": 0.111621002419702, "Precision-weighted": 0.07095727011928128, "Recall-weighted": 0.26145251396648045}