{"F1-binary": 0.723404255319149, "Precision-binary": 0.7555555555555555, "Recall-binary": 0.6938775510204082, "F1-macro": 0.3617021276595745, "Precision-macro": 0.37777777777777777, "Recall-macro": 0.3469387755102041, "F1-micro": 0.5666666666666667, "Precision-micro": 0.5666666666666667, "Recall-micro": 0.5666666666666667, "F1-weighted": 0.5907801418439717, "Precision-weighted": 0.6170370370370369, "Recall-weighted": 0.5666666666666667}