{"F1-binary": 0.5331807780320367, "Precision-binary": 0.3819672131147541, "Recall-binary": 0.8825757575757576, "F1-macro": 0.26659038901601834, "Precision-macro": 0.19098360655737706, "Recall-macro": 0.4412878787878788, "F1-micro": 0.36349453978159124, "Precision-micro": 0.36349453978159124, "Recall-micro": 0.36349453978159124, "F1-weighted": 0.2195939553829293, "Precision-weighted": 0.15731566967596738, "Recall-weighted": 0.36349453978159124, "Sample size": 641, "TP": 233, "TN": 0, "FP": 377, "FN": 31}