{"F1-binary": 0.5692625775327361, "Precision-binary": 0.6210526315789474, "Recall-binary": 0.5254452926208651, "F1-macro": 0.28463128876636806, "Precision-macro": 0.3105263157894737, "Recall-macro": 0.2627226463104326, "F1-micro": 0.3978805394990366, "Precision-micro": 0.3978805394990366, "Recall-micro": 0.3978805394990366, "F1-weighted": 0.4310601020623609, "Precision-weighted": 0.4702768481898388, "Recall-weighted": 0.3978805394990366}