{"F1-binary": 0.6781115879828327, "Precision-binary": 0.5851851851851851, "Recall-binary": 0.8061224489795918, "F1-macro": 0.33905579399141633, "Precision-macro": 0.29259259259259257, "Recall-macro": 0.4030612244897959, "F1-micro": 0.512987012987013, "Precision-micro": 0.512987012987013, "Recall-micro": 0.512987012987013, "F1-weighted": 0.4315255559890754, "Precision-weighted": 0.3723905723905723, "Recall-weighted": 0.512987012987013}