{"F1-binary": 0.6379310344827587, "Precision-binary": 0.4868421052631579, "Recall-binary": 0.925, "F1-macro": 0.31896551724137934, "Precision-macro": 0.24342105263157895, "Recall-macro": 0.4625, "F1-micro": 0.46835443037974683, "Precision-micro": 0.46835443037974683, "Recall-micro": 0.46835443037974683, "F1-weighted": 0.32300305543430824, "Precision-weighted": 0.24650233177881412, "Recall-weighted": 0.46835443037974683}