{"F1-binary": 0.6265547067365363, "Precision-binary": 0.48561362301820316, "Recall-binary": 0.8827610745418965, "F1-macro": 0.3132773533682682, "Precision-macro": 0.24280681150910158, "Recall-macro": 0.4413805372709482, "F1-micro": 0.4561919646961478, "Precision-micro": 0.4561919646961478, "Recall-micro": 0.4561919646961478, "F1-weighted": 0.32379001623297515, "Precision-weighted": 0.2509546910899439, "Recall-weighted": 0.4561919646961478, "Sample size": 10877, "TP": 4962, "TN": 0, "FP": 5256, "FN": 659}