{"F1-binary": 0.3578322197475872, "Precision-binary": 0.2179023508137432, "Recall-binary": 1.0, "F1-macro": 0.1789161098737936, "Precision-macro": 0.1089511754068716, "Recall-macro": 0.5, "F1-micro": 0.2179023508137432, "Precision-micro": 0.2179023508137432, "Recall-micro": 0.2179023508137432, "F1-weighted": 0.0779724818798992, "Precision-weighted": 0.04748143449015561, "Recall-weighted": 0.2179023508137432, "Sample size": 1106, "TP": 241, "TN": 0, "FP": 865, "FN": 0}