{"F1-macro": 0.2826340142906607, "Precision-macro": 0.25713058419243984, "Recall-macro": 0.3137535816618911, "F1-micro": 0.3939885914874945, "Precision-micro": 0.3939885914874945, "Recall-micro": 0.3939885914874945, "F1-weighted": 0.3549109355405936, "Precision-weighted": 0.32288561028605717, "Recall-weighted": 0.3939885914874945}