{"F1-binary": 0.5135135135135135, "Precision-binary": 0.35185185185185186, "Recall-binary": 0.95, "F1-macro": 0.25675675675675674, "Precision-macro": 0.17592592592592593, "Recall-macro": 0.475, "F1-micro": 0.34545454545454546, "Precision-micro": 0.34545454545454546, "Recall-micro": 0.34545454545454546, "F1-weighted": 0.18673218673218672, "Precision-weighted": 0.12794612794612795, "Recall-weighted": 0.34545454545454546}