{"F1-binary": 0.47280178837555886, "Precision-binary": 0.3191649899396378, "Recall-binary": 0.9116379310344828, "F1-macro": 0.23640089418777943, "Precision-macro": 0.1595824949698189, "Recall-macro": 0.4558189655172414, "F1-micro": 0.3095877043181264, "Precision-micro": 0.3095877043181264, "Recall-micro": 0.3095877043181264, "F1-weighted": 0.16056113428123395, "Precision-weighted": 0.10838684215564183, "Recall-weighted": 0.3095877043181264}