{"F1-binary": 0.43636363636363634, "Precision-binary": 0.34285714285714286, "Recall-binary": 0.6, "F1-macro": 0.21818181818181817, "Precision-macro": 0.17142857142857143, "Recall-macro": 0.3, "F1-micro": 0.27906976744186046, "Precision-micro": 0.27906976744186046, "Recall-micro": 0.27906976744186046, "F1-weighted": 0.2029598308668076, "Precision-weighted": 0.159468438538206, "Recall-weighted": 0.27906976744186046, "Sample size": 86, "TP": 24, "TN": 0, "FP": 46, "FN": 16}