{"F1-binary": 0.5750410509031199, "Precision-binary": 0.6355716878402904, "Recall-binary": 0.5250374812593703, "F1-macro": 0.2875205254515599, "Precision-macro": 0.3177858439201452, "Recall-macro": 0.26251874062968517, "F1-micro": 0.4035492048859184, "Precision-micro": 0.4035492048859184, "Recall-micro": 0.4035492048859184, "F1-weighted": 0.4419824624941011, "Precision-weighted": 0.48850693223032227, "Recall-weighted": 0.4035492048859184, "Sample size": 8678, "TP": 3502, "TN": 0, "FP": 2008, "FN": 3168}