{"F1-binary": 0.584757505773672, "Precision-binary": 0.9768518518518519, "Recall-binary": 0.41727092946605143, "F1-macro": 0.292378752886836, "Precision-macro": 0.48842592592592593, "Recall-macro": 0.20863546473302572, "F1-micro": 0.4131853785900783, "Precision-micro": 0.4131853785900783, "Recall-micro": 0.4131853785900783, "F1-weighted": 0.579032073275888, "Precision-weighted": 0.9672873754956001, "Recall-weighted": 0.4131853785900783}