{"F1-binary": 0.5746031746031746, "Precision-binary": 0.49453551912568305, "Recall-binary": 0.6856060606060606, "F1-macro": 0.2873015873015873, "Precision-macro": 0.24726775956284153, "Recall-macro": 0.3428030303030303, "F1-micro": 0.4031180400890869, "Precision-micro": 0.40311804008908686, "Recall-micro": 0.40311804008908686, "F1-weighted": 0.337851309788949, "Precision-weighted": 0.29077366826098067, "Recall-weighted": 0.40311804008908686}