{"F1-binary": 0.7692307692307692, "Precision-binary": 0.7894736842105263, "Recall-binary": 0.75, "F1-macro": 0.3846153846153846, "Precision-macro": 0.39473684210526316, "Recall-macro": 0.375, "F1-micro": 0.625, "Precision-micro": 0.625, "Recall-micro": 0.625, "F1-weighted": 0.641025641025641, "Precision-weighted": 0.6578947368421053, "Recall-weighted": 0.625, "Sample size": 48, "TP": 30, "TN": 0, "FP": 8, "FN": 10}