{"F1-macro": 0.23379499831781989, "Precision-macro": 0.1616711903838697, "Recall-macro": 0.4220996153067423, "F1-micro": 0.3051337407149914, "Precision-micro": 0.3051337407149914, "Recall-micro": 0.3051337407149914, "F1-weighted": 0.16900925708100734, "Precision-weighted": 0.11687131022809945, "Recall-weighted": 0.3051337407149914}