{"F1-binary": 0.5567010309278351, "Precision-binary": 0.7389473684210527, "Recall-binary": 0.44656488549618323, "F1-macro": 0.27835051546391754, "Precision-macro": 0.36947368421052634, "Recall-macro": 0.22328244274809161, "F1-micro": 0.38571428571428573, "Precision-micro": 0.38571428571428573, "Recall-micro": 0.38571428571428573, "F1-weighted": 0.48084286847173446, "Precision-weighted": 0.6382556390977444, "Recall-weighted": 0.38571428571428573}