{"F1-binary": 0.6021538941782425, "Precision-binary": 0.6279296875, "Recall-binary": 0.5784107946026986, "F1-macro": 0.30107694708912125, "Precision-macro": 0.31396484375, "Recall-macro": 0.2892053973013493, "F1-micro": 0.4307726663689147, "Precision-micro": 0.4307726663689147, "Recall-micro": 0.4307726663689147, "F1-weighted": 0.4484553901483785, "Precision-weighted": 0.46765196690765964, "Recall-weighted": 0.4307726663689147, "Sample size": 8956, "TP": 3858, "TN": 0, "FP": 2286, "FN": 2812}