{"F1-binary": 0.6641944787803874, "Precision-binary": 0.5408790962979533, "Recall-binary": 0.8603451343177371, "F1-macro": 0.3320972393901937, "Precision-macro": 0.27043954814897664, "Recall-macro": 0.43017256715886854, "F1-micro": 0.4972239358420728, "Precision-micro": 0.4972239358420728, "Recall-micro": 0.4972239358420728, "F1-weighted": 0.38386152223160164, "Precision-weighted": 0.3125931935318523, "Recall-weighted": 0.4972239358420728}