{"F1-macro": 0.23542043399638335, "Precision-macro": 0.1632829035039586, "Recall-macro": 0.421745292569346, "F1-micro": 0.30790835181079085, "Precision-micro": 0.30790835181079085, "Recall-micro": 0.30790835181079085, "F1-weighted": 0.17187605669004247, "Precision-weighted": 0.11920979459069497, "Recall-weighted": 0.30790835181079085}