{"F1-binary": 0.7872127872127871, "Precision-binary": 0.7911646586345381, "Recall-binary": 0.7833001988071571, "F1-macro": 0.39360639360639355, "Precision-macro": 0.39558232931726905, "Recall-macro": 0.39165009940357853, "F1-micro": 0.6490939044481054, "Precision-micro": 0.6490939044481054, "Recall-micro": 0.6490939044481054, "F1-weighted": 0.6523361317430508, "Precision-weighted": 0.6556109115208776, "Recall-weighted": 0.6490939044481054, "Sample size": 607, "TP": 394, "TN": 0, "FP": 104, "FN": 109}