{"F1-binary": 0.7899461400359066, "Precision-binary": 0.6962025316455697, "Recall-binary": 0.9128630705394191, "F1-macro": 0.3949730700179533, "Precision-macro": 0.34810126582278483, "Recall-macro": 0.45643153526970953, "F1-micro": 0.6528189910979229, "Precision-micro": 0.6528189910979229, "Recall-micro": 0.6528189910979229, "F1-weighted": 0.5649169725479332, "Precision-weighted": 0.4978777748563273, "Recall-weighted": 0.6528189910979229}