{"F1-binary": 0.7207207207207207, "Precision-binary": 0.6666666666666666, "Recall-binary": 0.7843137254901961, "F1-macro": 0.36036036036036034, "Precision-macro": 0.3333333333333333, "Recall-macro": 0.39215686274509803, "F1-micro": 0.5633802816901409, "Precision-micro": 0.5633802816901409, "Recall-micro": 0.5633802816901409, "F1-weighted": 0.5177007993909403, "Precision-weighted": 0.4788732394366197, "Recall-weighted": 0.5633802816901409, "Sample size": 142, "TP": 80, "TN": 0, "FP": 40, "FN": 22}