{"F1-binary": 0.5717113728595467, "Precision-binary": 0.5592563903950426, "Recall-binary": 0.5847337517716137, "F1-macro": 0.2858556864297733, "Precision-macro": 0.2796281951975213, "Recall-macro": 0.29236687588580684, "F1-micro": 0.40027720027720026, "Precision-micro": 0.40027720027720026, "Recall-micro": 0.40027720027720026, "F1-weighted": 0.39136278178146927, "Precision-weighted": 0.3828367723023029, "Recall-weighted": 0.40027720027720026}