{"F1-macro": 0.2879931876241839, "Precision-macro": 0.32784024815820084, "Recall-macro": 0.2567827495444422, "F1-micro": 0.4044809440280657, "Precision-micro": 0.4044809440280657, "Recall-micro": 0.4044809440280657, "F1-weighted": 0.453643231917029, "Precision-weighted": 0.5164098184191849, "Recall-weighted": 0.4044809440280657}