{"F1-macro": 0.2763936907393943, "Precision-macro": 0.24019342359767892, "Recall-macro": 0.32544202949192813, "F1-micro": 0.38196694418242216, "Precision-micro": 0.38196694418242216, "Recall-micro": 0.38196694418242216, "F1-weighted": 0.32439956697617134, "Precision-weighted": 0.2819117990615747, "Recall-weighted": 0.38196694418242216}