{"F1-binary": 0.676056338028169, "Precision-binary": 0.7272727272727273, "Recall-binary": 0.631578947368421, "F1-macro": 0.3380281690140845, "Precision-macro": 0.36363636363636365, "Recall-macro": 0.3157894736842105, "F1-micro": 0.5106382978723404, "Precision-micro": 0.5106382978723404, "Recall-micro": 0.5106382978723404, "F1-weighted": 0.5465987413844771, "Precision-weighted": 0.5880077369439072, "Recall-weighted": 0.5106382978723404}