{"F1-binary": 0.8033152693656359, "Precision-binary": 0.7777777777777778, "Recall-binary": 0.8305866842452209, "F1-macro": 0.40165763468281795, "Precision-macro": 0.3888888888888889, "Recall-macro": 0.41529334212261043, "F1-micro": 0.6712839637719765, "Precision-micro": 0.6712839637719765, "Recall-micro": 0.6712839637719765, "F1-weighted": 0.6492430813146881, "Precision-weighted": 0.6286035636062275, "Recall-weighted": 0.6712839637719765, "Sample size": 1877, "TP": 1260, "TN": 0, "FP": 360, "FN": 257}