{"F1-binary": 0.5660881174899867, "Precision-binary": 0.39712769278801124, "Recall-binary": 0.9852827265685515, "F1-macro": 0.28304405874499333, "Precision-macro": 0.19856384639400562, "Recall-macro": 0.49264136328427577, "F1-micro": 0.3947858472998138, "Precision-micro": 0.3947858472998138, "Recall-micro": 0.3947858472998138, "F1-weighted": 0.22682177519539815, "Precision-weighted": 0.15912223817173263, "Recall-weighted": 0.3947858472998138}