{"F1-binary": 0.6273458445040214, "Precision-binary": 0.45703125, "Recall-binary": 1.0, "F1-macro": 0.3136729222520107, "Precision-macro": 0.228515625, "Recall-macro": 0.5, "F1-micro": 0.45703125, "Precision-micro": 0.45703125, "Recall-micro": 0.45703125, "F1-weighted": 0.2867166554959785, "Precision-weighted": 0.2088775634765625, "Recall-weighted": 0.45703125}