{"F1-binary": 0.5369393139841689, "Precision-binary": 0.370336669699727, "Recall-binary": 0.9760191846522782, "F1-macro": 0.26846965699208447, "Precision-macro": 0.1851683348498635, "Recall-macro": 0.4880095923261391, "F1-micro": 0.36699729486023447, "Precision-micro": 0.36699729486023447, "Recall-micro": 0.36699729486023447, "F1-weighted": 0.2018969287027939, "Precision-weighted": 0.13925193080684053, "Recall-weighted": 0.36699729486023447, "Sample size": 1109, "TP": 407, "TN": 0, "FP": 692, "FN": 10}