{"F1-binary": 0.6829268292682927, "Precision-binary": 0.5833333333333334, "Recall-binary": 0.8235294117647058, "F1-macro": 0.34146341463414637, "Precision-macro": 0.2916666666666667, "Recall-macro": 0.4117647058823529, "F1-micro": 0.5185185185185185, "Precision-micro": 0.5185185185185185, "Recall-micro": 0.5185185185185185, "F1-weighted": 0.4299909665763325, "Precision-weighted": 0.36728395061728397, "Recall-weighted": 0.5185185185185185, "Sample size": 162, "TP": 84, "TN": 0, "FP": 60, "FN": 18}