{"F1-binary": 0.7759562841530054, "Precision-binary": 0.8068181818181818, "Recall-binary": 0.7473684210526316, "F1-macro": 0.3879781420765027, "Precision-macro": 0.4034090909090909, "Recall-macro": 0.3736842105263158, "F1-micro": 0.6339285714285714, "Precision-micro": 0.6339285714285714, "Recall-micro": 0.6339285714285714, "F1-weighted": 0.6581772053083528, "Precision-weighted": 0.6843547077922078, "Recall-weighted": 0.6339285714285714, "Sample size": 112, "TP": 71, "TN": 0, "FP": 17, "FN": 24}