{"F1-macro": 0.2534190146646894, "Precision-macro": 0.1878633898470709, "Recall-macro": 0.38924883579672, "F1-micro": 0.339439417347164, "Precision-micro": 0.339439417347164, "Recall-micro": 0.339439417347164, "F1-weighted": 0.22099077703445616, "Precision-weighted": 0.16382384152808355, "Recall-weighted": 0.339439417347164}