{"F1-binary": 0.5873175280657078, "Precision-binary": 0.6032640730916593, "Recall-binary": 0.5721923265077923, "F1-macro": 0.2936587640328539, "Precision-macro": 0.30163203654582965, "Recall-macro": 0.28609616325389614, "F1-micro": 0.41574631223500147, "Precision-micro": 0.4157463122350014, "Recall-micro": 0.4157463122350014, "F1-weighted": 0.42673605550522825, "Precision-weighted": 0.43832257454838164, "Recall-weighted": 0.4157463122350014}