{"F1-binary": 0.6092479674796748, "Precision-binary": 0.4713050314465409, "Recall-binary": 0.8613505747126436, "F1-macro": 0.3046239837398374, "Precision-macro": 0.23565251572327045, "Recall-macro": 0.4306752873563218, "F1-micro": 0.4380708805261235, "Precision-micro": 0.4380708805261235, "Recall-micro": 0.4380708805261235, "F1-weighted": 0.30985501305506297, "Precision-weighted": 0.2396991610425959, "Recall-weighted": 0.4380708805261235, "Sample size": 2737, "TP": 1199, "TN": 0, "FP": 1345, "FN": 193}