{"F1-macro": 0.25699239902628046, "Precision-macro": 0.44441580756013743, "Recall-macro": 0.1807603606122021, "F1-micro": 0.3458812516715699, "Precision-micro": 0.3458812516715699, "Recall-micro": 0.3458812516715699, "F1-weighted": 0.4917496974681796, "Precision-weighted": 0.8503805550117687, "Recall-weighted": 0.3458812516715699}