{"F1-binary": 0.4076201995766555, "Precision-binary": 0.9555355071529836, "Recall-binary": 0.25906771961702424, "F1-macro": 0.20381009978832776, "Precision-macro": 0.4777677535764918, "Recall-macro": 0.12953385980851212, "F1-micro": 0.2559817698442841, "Precision-micro": 0.2559817698442841, "Recall-micro": 0.2559817698442841, "F1-weighted": 0.4027647298789741, "Precision-weighted": 0.9441534075787759, "Recall-weighted": 0.2559817698442841, "Sample size": 28963, "TP": 7414, "TN": 0, "FP": 345, "FN": 21204}