{"F1-binary": 0.4334140435835351, "Precision-binary": 0.2841269841269841, "Recall-binary": 0.9132653061224489, "F1-macro": 0.21670702179176754, "Precision-macro": 0.14206349206349206, "Recall-macro": 0.45663265306122447, "F1-micro": 0.27666151468315303, "Precision-micro": 0.27666151468315303, "Recall-micro": 0.27666151468315303, "F1-weighted": 0.13129699001912346, "Precision-weighted": 0.08607247123475872, "Recall-weighted": 0.27666151468315303}