{"F1-macro": 0.2790942601369142, "Precision-macro": 0.24632068164213788, "Recall-macro": 0.3219275156914355, "F1-micro": 0.38714390065741416, "Precision-micro": 0.38714390065741416, "Recall-micro": 0.38714390065741416, "F1-weighted": 0.3356334431011003, "Precision-weighted": 0.2962205616339223, "Recall-weighted": 0.38714390065741416}