{"F1-binary": 0.3861386138613861, "Precision-binary": 0.24074074074074073, "Recall-binary": 0.975, "F1-macro": 0.19306930693069305, "Precision-macro": 0.12037037037037036, "Recall-macro": 0.4875, "F1-micro": 0.2392638036809816, "Precision-micro": 0.2392638036809816, "Recall-micro": 0.2392638036809816, "F1-weighted": 0.09475794205187389, "Precision-weighted": 0.059077482390365824, "Recall-weighted": 0.2392638036809816}