{"F1-binary": 0.4141592920353982, "Precision-binary": 0.2611607142857143, "Recall-binary": 1.0, "F1-macro": 0.2070796460176991, "Precision-macro": 0.13058035714285715, "Recall-macro": 0.5, "F1-micro": 0.2611607142857143, "Precision-micro": 0.2611607142857143, "Recall-micro": 0.2611607142857143, "F1-weighted": 0.10816213653603034, "Precision-weighted": 0.0682049186862245, "Recall-weighted": 0.2611607142857143, "Sample size": 448, "TP": 117, "TN": 0, "FP": 331, "FN": 0}