{"F1-binary": 0.5614035087719298, "Precision-binary": 0.4, "Recall-binary": 0.9411764705882353, "F1-macro": 0.2807017543859649, "Precision-macro": 0.2, "Recall-macro": 0.47058823529411764, "F1-micro": 0.3902439024390244, "Precision-micro": 0.3902439024390244, "Recall-micro": 0.3902439024390244, "F1-weighted": 0.23277706461275136, "Precision-weighted": 0.16585365853658537, "Recall-weighted": 0.3902439024390244, "Sample size": 246, "TP": 96, "TN": 0, "FP": 144, "FN": 6}