{"F1-macro": 0.28812982296867906, "Precision-macro": 0.3277820810741028, "Recall-macro": 0.2570358372140109, "F1-micro": 0.4047505180934162, "Precision-micro": 0.4047505180934162, "Recall-micro": 0.4047505180934162, "F1-weighted": 0.4537137559835185, "Precision-weighted": 0.5161535783277519, "Recall-weighted": 0.40475051809341617}