{"F1-binary": 0.5675057208237986, "Precision-binary": 0.39839357429718875, "Recall-binary": 0.9860834990059643, "F1-macro": 0.2837528604118993, "Precision-macro": 0.19919678714859437, "Recall-macro": 0.49304174950298213, "F1-micro": 0.39616613418530344, "Precision-micro": 0.3961661341853035, "Recall-micro": 0.3961661341853035, "F1-weighted": 0.22799950285492868, "Precision-weighted": 0.16005748232546801, "Recall-weighted": 0.3961661341853035}