{"F1-binary": 0.47687224669603523, "Precision-binary": 0.3202662721893491, "Recall-binary": 0.9331896551724138, "F1-macro": 0.23843612334801761, "Precision-macro": 0.16013313609467456, "Recall-macro": 0.4665948275862069, "F1-micro": 0.31308749096167754, "Precision-micro": 0.31308749096167754, "Recall-micro": 0.31308749096167754, "F1-weighted": 0.15999184560156207, "Precision-weighted": 0.10745014482708459, "Recall-weighted": 0.31308749096167754}