{"F1-binary": 0.71875, "Precision-binary": 0.8846153846153846, "Recall-binary": 0.6052631578947368, "F1-macro": 0.359375, "Precision-macro": 0.4423076923076923, "Recall-macro": 0.3026315789473684, "F1-micro": 0.5609756097560976, "Precision-micro": 0.5609756097560976, "Recall-micro": 0.5609756097560976, "F1-weighted": 0.6661585365853658, "Precision-weighted": 0.8198874296435271, "Recall-weighted": 0.5609756097560976, "Sample size": 41, "TP": 23, "TN": 0, "FP": 3, "FN": 15}