{"F1-binary": 0.7686996547756042, "Precision-binary": 0.7389380530973452, "Recall-binary": 0.8009592326139089, "F1-macro": 0.3843498273878021, "Precision-macro": 0.3694690265486726, "Recall-macro": 0.40047961630695444, "F1-micro": 0.6242990654205608, "Precision-micro": 0.6242990654205608, "Recall-micro": 0.6242990654205608, "F1-weighted": 0.5991546841895831, "Precision-weighted": 0.5759573236291458, "Recall-weighted": 0.6242990654205608}