{"F1-binary": 0.5891472868217055, "Precision-binary": 0.4175824175824176, "Recall-binary": 1.0, "F1-macro": 0.29457364341085274, "Precision-macro": 0.2087912087912088, "Recall-macro": 0.5, "F1-micro": 0.41758241758241765, "Precision-micro": 0.4175824175824176, "Recall-micro": 0.4175824175824176, "F1-weighted": 0.24601754834312975, "Precision-weighted": 0.17437507547397657, "Recall-weighted": 0.4175824175824176}