{"F1-binary": 0.728, "Precision-binary": 0.6091030789825971, "Recall-binary": 0.904572564612326, "F1-macro": 0.364, "Precision-macro": 0.30455153949129854, "Recall-macro": 0.452286282306163, "F1-micro": 0.5723270440251572, "Precision-micro": 0.5723270440251572, "Recall-micro": 0.5723270440251572, "F1-weighted": 0.4606088050314465, "Precision-weighted": 0.3853821996581715, "Recall-weighted": 0.5723270440251572}