{"F1-binary": 0.3085543518864401, "Precision-binary": 0.1827433628318584, "Recall-binary": 0.9904076738609112, "F1-macro": 0.15427717594322005, "Precision-macro": 0.0913716814159292, "Recall-macro": 0.4952038369304556, "F1-micro": 0.18242049469964663, "Precision-micro": 0.18242049469964663, "Recall-micro": 0.18242049469964663, "F1-weighted": 0.05683178654445474, "Precision-weighted": 0.033659002783076396, "Recall-weighted": 0.18242049469964663}