{"F1-binary": 0.3971119133574007, "Precision-binary": 0.24874371859296482, "Recall-binary": 0.9840954274353877, "F1-macro": 0.19855595667870035, "Precision-macro": 0.12437185929648241, "Recall-macro": 0.49204771371769385, "F1-micro": 0.24774774774774774, "Precision-micro": 0.24774774774774774, "Recall-micro": 0.24774774774774774, "F1-weighted": 0.0999736198292155, "Precision-weighted": 0.06262166689302368, "Recall-weighted": 0.24774774774774774}