{"F1-binary": 0.5702114160114206, "Precision-binary": 0.81106169019532, "Recall-binary": 0.4396533650150255, "F1-macro": 0.2851057080057103, "Precision-macro": 0.40553084509766, "Recall-macro": 0.21982668250751275, "F1-micro": 0.39880820311261844, "Precision-micro": 0.39880820311261844, "Recall-micro": 0.39880820311261844, "F1-weighted": 0.5172370060355268, "Precision-weighted": 0.7357115423629804, "Recall-weighted": 0.39880820311261844}