{"F1-binary": 0.6210499811154475, "Precision-binary": 0.5352647569444444, "Recall-binary": 0.7395802098950525, "F1-macro": 0.31052499055772376, "Precision-macro": 0.2676323784722222, "Recall-macro": 0.36979010494752623, "F1-micro": 0.4503788916278645, "Precision-micro": 0.4503788916278645, "Recall-micro": 0.4503788916278645, "F1-weighted": 0.3781980620871026, "Precision-weighted": 0.3259578132766771, "Recall-weighted": 0.4503788916278645}