{"F1-binary": 0.7934589406327763, "Precision-binary": 0.8611111111111112, "Recall-binary": 0.7356624917600527, "F1-macro": 0.39672947031638817, "Precision-macro": 0.4305555555555556, "Recall-macro": 0.36783124588002636, "F1-micro": 0.657631113730112, "Precision-micro": 0.657631113730112, "Recall-micro": 0.657631113730112, "F1-weighted": 0.7092971201767364, "Precision-weighted": 0.7697734564263734, "Recall-weighted": 0.657631113730112}