{"F1-binary": 0.7850655903128152, "Precision-binary": 0.7971311475409836, "Recall-binary": 0.7733598409542743, "F1-macro": 0.3925327951564076, "Precision-macro": 0.3985655737704918, "Recall-macro": 0.3866799204771372, "F1-micro": 0.6461794019933554, "Precision-micro": 0.6461794019933554, "Recall-micro": 0.6461794019933554, "F1-weighted": 0.6559601194806413, "Precision-weighted": 0.6660414737759381, "Recall-weighted": 0.6461794019933554}