{"F1-binary": 0.5663716814159292, "Precision-binary": 0.6736842105263158, "Recall-binary": 0.48854961832061067, "F1-macro": 0.2831858407079646, "Precision-macro": 0.3368421052631579, "Recall-macro": 0.24427480916030533, "F1-micro": 0.3950617283950617, "Precision-micro": 0.3950617283950617, "Recall-micro": 0.3950617283950617, "F1-weighted": 0.45799191521905386, "Precision-weighted": 0.544769330734243, "Recall-weighted": 0.3950617283950617}