{"F1-binary": 0.5669980938643038, "Precision-binary": 0.5772579460820308, "Recall-binary": 0.5570965782547074, "F1-macro": 0.2834990469321519, "Precision-macro": 0.2886289730410154, "Recall-macro": 0.2785482891273537, "F1-micro": 0.3956715559390279, "Precision-micro": 0.3956715559390279, "Recall-micro": 0.3956715559390279, "F1-weighted": 0.4027039956278108, "Precision-weighted": 0.40999093984744756, "Recall-weighted": 0.3956715559390278, "Sample size": 13908, "TP": 5503, "TN": 0, "FP": 4030, "FN": 4375}