{"F1-binary": 0.39272727272727276, "Precision-binary": 0.24942263279445728, "Recall-binary": 0.9230769230769231, "F1-macro": 0.19636363636363638, "Precision-macro": 0.12471131639722864, "Recall-macro": 0.46153846153846156, "F1-micro": 0.24434389140271492, "Precision-micro": 0.24434389140271492, "Recall-micro": 0.24434389140271492, "F1-weighted": 0.10395721925133691, "Precision-weighted": 0.06602363809265045, "Recall-weighted": 0.24434389140271492}