{"F1-binary": 0.4239130434782608, "Precision-binary": 0.2708333333333333, "Recall-binary": 0.975, "F1-macro": 0.2119565217391304, "Precision-macro": 0.13541666666666666, "Recall-macro": 0.4875, "F1-micro": 0.2689655172413793, "Precision-micro": 0.2689655172413793, "Recall-micro": 0.2689655172413793, "F1-weighted": 0.1169415292353823, "Precision-weighted": 0.07471264367816091, "Recall-weighted": 0.2689655172413793}