{"F1-binary": 0.6502335236118318, "Precision-binary": 0.4888802184939524, "Recall-binary": 0.9705654531371031, "F1-macro": 0.3251167618059159, "Precision-macro": 0.2444401092469762, "Recall-macro": 0.48528272656855154, "F1-micro": 0.4817377931564783, "Precision-micro": 0.4817377931564783, "Recall-micro": 0.4817377931564783, "F1-weighted": 0.3227418219849577, "Precision-weighted": 0.24265450291260768, "Recall-weighted": 0.4817377931564783}