{"F1-binary": 0.4449438202247191, "Precision-binary": 0.2874564459930314, "Recall-binary": 0.9840954274353877, "F1-macro": 0.22247191011235956, "Precision-macro": 0.1437282229965157, "Recall-macro": 0.49204771371769385, "F1-micro": 0.2861271676300578, "Precision-micro": 0.2861271676300578, "Recall-micro": 0.2861271676300578, "F1-weighted": 0.12936805871273627, "Precision-weighted": 0.08357837707196229, "Recall-weighted": 0.2861271676300578}