{"F1-binary": 0.3704884765908103, "Precision-binary": 1.0, "Recall-binary": 0.22736167941647395, "F1-macro": 0.18524423829540515, "Precision-macro": 0.5, "Recall-macro": 0.11368083970823697, "F1-micro": 0.22736167941647392, "Precision-micro": 0.22736167941647395, "Recall-micro": 0.22736167941647395, "F1-weighted": 0.37048847659081036, "Precision-weighted": 1.0, "Recall-weighted": 0.22736167941647395, "Sample size": 5621, "TP": 1278, "TN": 0, "FP": 0, "FN": 4343}