{"F1-binary": 0.48058252427184467, "Precision-binary": 0.3179190751445087, "Recall-binary": 0.9840954274353877, "F1-macro": 0.24029126213592233, "Precision-macro": 0.15895953757225434, "Recall-macro": 0.49204771371769385, "F1-micro": 0.31629392971246006, "Precision-micro": 0.31629392971246006, "Recall-micro": 0.31629392971246006, "F1-weighted": 0.1544619870343373, "Precision-weighted": 0.10218101904005614, "Recall-weighted": 0.31629392971246006}