{"F1-binary": 0.7699421965317917, "Precision-binary": 0.7433035714285714, "Recall-binary": 0.7985611510791367, "F1-macro": 0.3849710982658959, "Precision-macro": 0.3716517857142857, "Recall-macro": 0.39928057553956836, "F1-micro": 0.6259398496240601, "Precision-micro": 0.6259398496240601, "Recall-micro": 0.6259398496240601, "F1-weighted": 0.603507323221348, "Precision-weighted": 0.5826270475295381, "Recall-weighted": 0.6259398496240601}