{"F1-binary": 0.5593556054403802, "Precision-binary": 0.4948212756015887, "Recall-binary": 0.643247620975906, "F1-macro": 0.2796778027201901, "Precision-macro": 0.24741063780079434, "Recall-macro": 0.321623810487953, "F1-micro": 0.38826764436296973, "Precision-micro": 0.38826764436296973, "Recall-micro": 0.38826764436296973, "F1-weighted": 0.3376299829233166, "Precision-weighted": 0.2986767222971276, "Recall-weighted": 0.38826764436296973, "Sample size": 16365, "TP": 6354, "TN": 0, "FP": 6487, "FN": 3524}