{"F1-binary": 0.5100671140939598, "Precision-binary": 0.3486238532110092, "Recall-binary": 0.95, "F1-macro": 0.2550335570469799, "Precision-macro": 0.1743119266055046, "Recall-macro": 0.475, "F1-micro": 0.34234234234234234, "Precision-micro": 0.34234234234234234, "Recall-micro": 0.34234234234234234, "F1-weighted": 0.1838079690428684, "Precision-weighted": 0.12563021737333666, "Recall-weighted": 0.34234234234234234}