{"F1-binary": 0.43141737426518617, "Precision-binary": 0.2791631445477599, "Recall-binary": 0.9489942528735632, "F1-macro": 0.21570868713259309, "Precision-macro": 0.13958157227387996, "Recall-macro": 0.4744971264367816, "F1-micro": 0.27503643556110763, "Precision-micro": 0.27503643556110763, "Recall-micro": 0.27503643556110763, "F1-weighted": 0.12503289297879225, "Precision-weighted": 0.08090674520309844, "Recall-weighted": 0.27503643556110763}