{"F1-binary": 0.6111243733587969, "Precision-binary": 0.4416839199447895, "Recall-binary": 0.9914794732765299, "F1-macro": 0.30556218667939844, "Precision-macro": 0.22084195997239475, "Recall-macro": 0.4957397366382649, "F1-micro": 0.4400137504297009, "Precision-micro": 0.4400137504297009, "Recall-micro": 0.4400137504297009, "F1-weighted": 0.2712140137525634, "Precision-weighted": 0.19601716763448718, "Recall-weighted": 0.4400137504297009, "Sample size": 2909, "TP": 1280, "TN": 0, "FP": 1618, "FN": 11}