{"F1-binary": 0.5800716845878136, "Precision-binary": 0.5557692307692308, "Recall-binary": 0.6065967016491755, "F1-macro": 0.2900358422939068, "Precision-macro": 0.2778846153846154, "Recall-macro": 0.3032983508245877, "F1-micro": 0.4085218093699515, "Precision-micro": 0.4085218093699515, "Recall-micro": 0.4085218093699515, "F1-weighted": 0.39065813168424035, "Precision-weighted": 0.37429127314527155, "Recall-weighted": 0.4085218093699516}