{"F1-binary": 0.5729349736379614, "Precision-binary": 0.5344262295081967, "Recall-binary": 0.6174242424242424, "F1-macro": 0.2864674868189807, "Precision-macro": 0.26721311475409837, "Recall-macro": 0.3087121212121212, "F1-micro": 0.4014778325123153, "Precision-micro": 0.4014778325123153, "Recall-micro": 0.4014778325123153, "F1-weighted": 0.37254884985325576, "Precision-weighted": 0.3475086812565614, "Recall-weighted": 0.4014778325123153}