{"F1-binary": 0.40538267451640037, "Precision-binary": 0.2542194092827004, "Recall-binary": 1.0, "F1-macro": 0.20269133725820018, "Precision-macro": 0.1271097046413502, "Recall-macro": 0.5, "F1-micro": 0.2542194092827004, "Precision-micro": 0.2542194092827004, "Recall-micro": 0.2542194092827004, "F1-weighted": 0.10305614404900051, "Precision-weighted": 0.06462750805604515, "Recall-weighted": 0.2542194092827004}