{"F1-binary": 0.7373737373737373, "Precision-binary": 0.7604166666666666, "Recall-binary": 0.7156862745098039, "F1-macro": 0.3686868686868687, "Precision-macro": 0.3802083333333333, "Recall-macro": 0.35784313725490197, "F1-micro": 0.584, "Precision-micro": 0.584, "Recall-micro": 0.584, "F1-weighted": 0.6016969696969696, "Precision-weighted": 0.6205, "Recall-weighted": 0.584, "Sample size": 125, "TP": 73, "TN": 0, "FP": 23, "FN": 29}