{"F1-binary": 0.4106446432668044, "Precision-binary": 0.8740234375, "Recall-binary": 0.2683658170914543, "F1-macro": 0.2053223216334022, "Precision-macro": 0.43701171875, "Recall-macro": 0.13418290854572715, "F1-micro": 0.2583718244803695, "Precision-micro": 0.2583718244803695, "Recall-micro": 0.2583718244803695, "F1-weighted": 0.39535216088186853, "Precision-weighted": 0.8414746432051097, "Recall-weighted": 0.25837182448036955}