{"F1-binary": 0.50814332247557, "Precision-binary": 0.34411764705882353, "Recall-binary": 0.970954356846473, "F1-macro": 0.254071661237785, "Precision-macro": 0.17205882352941176, "Recall-macro": 0.4854771784232365, "F1-micro": 0.3406113537117904, "Precision-micro": 0.3406113537117904, "Recall-micro": 0.3406113537117904, "F1-weighted": 0.17825697338662647, "Precision-weighted": 0.12071667094785513, "Recall-weighted": 0.3406113537117904, "Sample size": 687, "TP": 234, "TN": 0, "FP": 446, "FN": 7}