{"F1-binary": 0.7925407925407925, "Precision-binary": 0.7950116913484022, "Recall-binary": 0.7900852052672347, "F1-macro": 0.39627039627039623, "Precision-macro": 0.3975058456742011, "Recall-macro": 0.39504260263361735, "F1-micro": 0.6563706563706564, "Precision-micro": 0.6563706563706564, "Recall-micro": 0.6563706563706564, "F1-weighted": 0.6584106584106584, "Precision-weighted": 0.6604633806504423, "Recall-weighted": 0.6563706563706564, "Sample size": 1554, "TP": 1020, "TN": 0, "FP": 263, "FN": 271}