{"F1-binary": 0.6440677966101694, "Precision-binary": 1.0, "Recall-binary": 0.475, "F1-macro": 0.3220338983050847, "Precision-macro": 0.5, "Recall-macro": 0.2375, "F1-micro": 0.47500000000000003, "Precision-micro": 0.475, "Recall-micro": 0.475, "F1-weighted": 0.6440677966101694, "Precision-weighted": 1.0, "Recall-weighted": 0.475}