{"F1-binary": 0.6154068507009682, "Precision-binary": 0.5940290178571429, "Recall-binary": 0.6383808095952024, "F1-macro": 0.3077034253504841, "Precision-macro": 0.29701450892857145, "Recall-macro": 0.3191904047976012, "F1-micro": 0.4444676409185804, "Precision-micro": 0.4444676409185804, "Recall-micro": 0.4444676409185804, "F1-weighted": 0.42847220189722945, "Precision-weighted": 0.413588053142708, "Recall-weighted": 0.4444676409185804}