{"F1-binary": 0.7021276595744681, "Precision-binary": 0.6111111111111112, "Recall-binary": 0.825, "F1-macro": 0.35106382978723405, "Precision-macro": 0.3055555555555556, "Recall-macro": 0.4125, "F1-micro": 0.5409836065573771, "Precision-micro": 0.5409836065573771, "Recall-micro": 0.5409836065573771, "F1-weighted": 0.46041158004883154, "Precision-weighted": 0.40072859744990896, "Recall-weighted": 0.5409836065573771}