{"F1-binary": 0.6111111111111112, "Precision-binary": 0.6875, "Recall-binary": 0.55, "F1-macro": 0.3055555555555556, "Precision-macro": 0.34375, "Recall-macro": 0.275, "F1-micro": 0.44, "Precision-micro": 0.44, "Recall-micro": 0.44, "F1-weighted": 0.48888888888888893, "Precision-weighted": 0.55, "Recall-weighted": 0.44}