{"F1-macro": 0.2337385847946664, "Precision-macro": 0.16158017041053446, "Recall-macro": 0.422352702976311, "F1-micro": 0.30503765445638664, "Precision-micro": 0.30503765445638664, "Recall-micro": 0.30503765445638664, "F1-weighted": 0.16881404844642206, "Precision-weighted": 0.11669875874206767, "Recall-weighted": 0.30503765445638664}