{"F1-binary": 0.6482982171799028, "Precision-binary": 1.0, "Recall-binary": 0.47961630695443647, "F1-macro": 0.3241491085899514, "Precision-macro": 0.5, "Recall-macro": 0.23980815347721823, "F1-micro": 0.47961630695443647, "Precision-micro": 0.47961630695443647, "Recall-micro": 0.47961630695443647, "F1-weighted": 0.6482982171799027, "Precision-weighted": 1.0, "Recall-weighted": 0.47961630695443647}