{"F1-binary": 0.4140643814722646, "Precision-binary": 1.0, "Recall-binary": 0.26108523992711075, "F1-macro": 0.2070321907361323, "Precision-macro": 0.5, "Recall-macro": 0.13054261996355537, "F1-micro": 0.26108523992711075, "Precision-micro": 0.26108523992711075, "Recall-micro": 0.26108523992711075, "F1-weighted": 0.4140643814722646, "Precision-weighted": 1.0, "Recall-weighted": 0.26108523992711075}