{"F1-binary": 0.7184466019417476, "Precision-binary": 0.578125, "Recall-binary": 0.9487179487179487, "F1-macro": 0.3592233009708738, "Precision-macro": 0.2890625, "Recall-macro": 0.47435897435897434, "F1-micro": 0.5606060606060606, "Precision-micro": 0.5606060606060606, "Recall-micro": 0.5606060606060606, "F1-weighted": 0.4245366284201236, "Precision-weighted": 0.3416193181818182, "Recall-weighted": 0.5606060606060606, "Sample size": 198, "TP": 111, "TN": 0, "FP": 81, "FN": 6}