{"F1-binary": 0.5518518518518518, "Precision-binary": 0.5398550724637681, "Recall-binary": 0.5643939393939394, "F1-macro": 0.2759259259259259, "Precision-macro": 0.26992753623188404, "Recall-macro": 0.2821969696969697, "F1-micro": 0.38107416879795397, "Precision-micro": 0.38107416879795397, "Recall-micro": 0.38107416879795397, "F1-weighted": 0.37260585393577716, "Precision-weighted": 0.36450572667630377, "Recall-weighted": 0.38107416879795397}