{"F1-binary": 0.7149009474590869, "Precision-binary": 0.7980769230769231, "Recall-binary": 0.6474258970358814, "F1-macro": 0.35745047372954347, "Precision-macro": 0.39903846153846156, "Recall-macro": 0.3237129485179407, "F1-micro": 0.5563002680965148, "Precision-micro": 0.5563002680965148, "Recall-micro": 0.5563002680965148, "F1-weighted": 0.6142781599480894, "Precision-weighted": 0.6857470612497423, "Recall-weighted": 0.5563002680965147}