{"F1-binary": 0.5239179954441914, "Precision-binary": 0.6571428571428571, "Recall-binary": 0.4356060606060606, "F1-macro": 0.2619589977220957, "Precision-macro": 0.32857142857142857, "Recall-macro": 0.2178030303030303, "F1-micro": 0.3549382716049383, "Precision-micro": 0.3549382716049383, "Recall-micro": 0.3549382716049383, "F1-weighted": 0.42689614443600776, "Precision-weighted": 0.5354497354497355, "Recall-weighted": 0.3549382716049383}