{"F1-binary": 0.4313725490196079, "Precision-binary": 0.2838709677419355, "Recall-binary": 0.8979591836734694, "F1-macro": 0.21568627450980396, "Precision-macro": 0.14193548387096774, "Recall-macro": 0.4489795918367347, "F1-micro": 0.275, "Precision-micro": 0.275, "Recall-micro": 0.275, "F1-weighted": 0.13210784313725493, "Precision-weighted": 0.08693548387096775, "Recall-weighted": 0.275, "Sample size": 640, "TP": 176, "TN": 0, "FP": 444, "FN": 20}