{"F1-binary": 0.8208695652173913, "Precision-binary": 0.7375, "Recall-binary": 0.9254901960784314, "F1-macro": 0.41043478260869565, "Precision-macro": 0.36875, "Recall-macro": 0.4627450980392157, "F1-micro": 0.696165191740413, "Precision-micro": 0.696165191740413, "Recall-micro": 0.696165191740413, "F1-weighted": 0.6174682570219315, "Precision-weighted": 0.5547566371681416, "Recall-weighted": 0.696165191740413}