{"F1-binary": 0.5139847980525609, "Precision-binary": 0.8888316151202749, "Recall-binary": 0.3615207212244042, "F1-macro": 0.25699239902628046, "Precision-macro": 0.44441580756013743, "Recall-macro": 0.1807603606122021, "F1-micro": 0.3458812516715699, "Precision-micro": 0.3458812516715699, "Recall-micro": 0.3458812516715699, "F1-weighted": 0.4917496974681796, "Precision-weighted": 0.8503805550117687, "Recall-weighted": 0.3458812516715699, "Sample size": 29912, "TP": 10346, "TN": 0, "FP": 1294, "FN": 18272}