{"F1-macro": 0.2884186522242157, "Precision-macro": 0.27724767093259406, "Recall-macro": 0.3005276399468866, "F1-micro": 0.40532070314340923, "Precision-micro": 0.40532070314340923, "Recall-micro": 0.40532070314340923, "F1-weighted": 0.38898934866641244, "Precision-weighted": 0.373923080576322, "Recall-weighted": 0.40532070314340923}