{"F1-macro": 0.26246719160104987, "Precision-macro": 0.20351268469473097, "Recall-macro": 0.36950799757035835, "F1-micro": 0.35587188612099646, "Precision-micro": 0.35587188612099646, "Recall-micro": 0.35587188612099646, "F1-weighted": 0.25278125273096774, "Precision-weighted": 0.1960023691721886, "Recall-weighted": 0.3558718861209964}