{"F1-binary": 0.794881737107406, "Precision-binary": 0.7958074534161491, "Recall-binary": 0.7939581719597212, "F1-macro": 0.397440868553703, "Precision-macro": 0.39790372670807456, "Recall-macro": 0.3969790859798606, "F1-micro": 0.6595881595881596, "Precision-micro": 0.6595881595881596, "Recall-micro": 0.6595881595881596, "F1-weighted": 0.6603554199521628, "Precision-weighted": 0.6611244674132873, "Recall-weighted": 0.6595881595881596, "Sample size": 1554, "TP": 1025, "TN": 0, "FP": 263, "FN": 266}