{"F1-binary": 0.3791469194312796, "Precision-binary": 0.23391812865497075, "Recall-binary": 1.0, "F1-macro": 0.1895734597156398, "Precision-macro": 0.11695906432748537, "Recall-macro": 0.5, "F1-micro": 0.23391812865497075, "Precision-micro": 0.23391812865497075, "Recall-micro": 0.23391812865497075, "F1-weighted": 0.08868933787866189, "Precision-weighted": 0.05471769091344345, "Recall-weighted": 0.23391812865497075}