{"F1-binary": 0.7207792207792207, "Precision-binary": 0.581151832460733, "Recall-binary": 0.9487179487179487, "F1-macro": 0.36038961038961037, "Precision-macro": 0.2905759162303665, "Recall-macro": 0.47435897435897434, "F1-micro": 0.5634517766497462, "Precision-micro": 0.5634517766497462, "Recall-micro": 0.5634517766497462, "F1-weighted": 0.42807699914298897, "Precision-weighted": 0.3451510883142424, "Recall-weighted": 0.5634517766497462}