{"F1-binary": 0.745888923363326, "Precision-binary": 0.6221532091097308, "Recall-binary": 0.9310611928737413, "F1-macro": 0.372944461681663, "Precision-macro": 0.3110766045548654, "Recall-macro": 0.46553059643687067, "F1-micro": 0.5947550717466601, "Precision-micro": 0.5947550717466601, "Recall-micro": 0.5947550717466601, "F1-weighted": 0.47646838201981884, "Precision-weighted": 0.39742691388454354, "Recall-weighted": 0.5947550717466601}