{"F1-binary": 0.5569262540079344, "Precision-binary": 0.40093896713615024, "Recall-binary": 0.9115815691158157, "F1-macro": 0.2784631270039672, "Precision-macro": 0.20046948356807512, "Recall-macro": 0.45579078455790784, "F1-micro": 0.38593055660164194, "Precision-micro": 0.38593055660164194, "Recall-micro": 0.38593055660164194, "F1-weighted": 0.23578236602987115, "Precision-weighted": 0.16974300928465016, "Recall-weighted": 0.38593055660164194}