{"F1-binary": 0.5974499089253188, "Precision-binary": 0.46458923512747874, "Recall-binary": 0.8367346938775511, "F1-macro": 0.2987249544626594, "Precision-macro": 0.23229461756373937, "Recall-macro": 0.41836734693877553, "F1-micro": 0.42597402597402595, "Precision-micro": 0.42597402597402595, "Recall-micro": 0.42597402597402595, "F1-weighted": 0.3041563172710714, "Precision-weighted": 0.2365181560648983, "Recall-weighted": 0.42597402597402595, "Sample size": 385, "TP": 164, "TN": 0, "FP": 189, "FN": 32}