{"F1-binary": 0.5044903310390036, "Precision-binary": 0.3730127956572315, "Recall-binary": 0.779105082000405, "F1-macro": 0.2522451655195018, "Precision-macro": 0.18650639782861575, "Recall-macro": 0.3895525410002025, "F1-micro": 0.3373367230647848, "Precision-micro": 0.3373367230647848, "Recall-micro": 0.3373367230647848, "F1-weighted": 0.21843409704581737, "Precision-weighted": 0.16150698674069136, "Recall-weighted": 0.3373367230647848, "Sample size": 22814, "TP": 7696, "TN": 0, "FP": 12936, "FN": 2182}