{"F1-binary": 0.4627450980392156, "Precision-binary": 0.3019005847953216, "Recall-binary": 0.9904076738609112, "F1-macro": 0.2313725490196078, "Precision-macro": 0.1509502923976608, "Recall-macro": 0.4952038369304556, "F1-micro": 0.3010204081632653, "Precision-micro": 0.3010204081632653, "Recall-micro": 0.3010204081632653, "F1-weighted": 0.14064482936031553, "Precision-weighted": 0.09175841389187253, "Recall-weighted": 0.3010204081632653, "Sample size": 1372, "TP": 413, "TN": 0, "FP": 955, "FN": 4}