{"F1-binary": 0.5764291396749632, "Precision-binary": 0.6569948186528497, "Recall-binary": 0.5134642640210569, "F1-macro": 0.2882145698374816, "Precision-macro": 0.32849740932642485, "Recall-macro": 0.25673213201052847, "F1-micro": 0.40491777103624454, "Precision-micro": 0.4049177710362446, "Recall-micro": 0.4049177710362446, "F1-weighted": 0.4545718538806711, "Precision-weighted": 0.5181059251678788, "Recall-weighted": 0.4049177710362446}