{"F1-binary": 0.6380558428128232, "Precision-binary": 0.9595645412130638, "Recall-binary": 0.47792408985282725, "F1-macro": 0.3190279214064116, "Precision-macro": 0.4797822706065319, "Recall-macro": 0.23896204492641362, "F1-micro": 0.46848899012908124, "Precision-micro": 0.46848899012908124, "Recall-micro": 0.46848899012908124, "F1-weighted": 0.6254594480420309, "Precision-weighted": 0.9406209739605659, "Recall-weighted": 0.46848899012908124}