{"F1-binary": 0.4724409448818898, "Precision-binary": 0.33707865168539325, "Recall-binary": 0.7894736842105263, "F1-macro": 0.2362204724409449, "Precision-macro": 0.16853932584269662, "Recall-macro": 0.39473684210526316, "F1-micro": 0.30927835051546393, "Precision-micro": 0.30927835051546393, "Recall-micro": 0.30927835051546393, "F1-weighted": 0.18507995778878158, "Precision-weighted": 0.13205143055716437, "Recall-weighted": 0.30927835051546393, "Sample size": 97, "TP": 30, "TN": 0, "FP": 59, "FN": 8}