{"F1-binary": 0.309114927344782, "Precision-binary": 0.1828125, "Recall-binary": 1.0, "F1-macro": 0.154557463672391, "Precision-macro": 0.09140625, "Recall-macro": 0.5, "F1-micro": 0.1828125, "Precision-micro": 0.1828125, "Recall-micro": 0.1828125, "F1-weighted": 0.05651007265521796, "Precision-weighted": 0.03342041015625, "Recall-weighted": 0.1828125}