{"F1-macro": 0.28619612122414556, "Precision-macro": 0.280560147816785, "Recall-macro": 0.29206317068232435, "F1-micro": 0.4009450350913766, "Precision-micro": 0.4009450350913766, "Recall-micro": 0.4009450350913766, "F1-weighted": 0.3928907352445431, "Precision-weighted": 0.3851536571654788, "Recall-weighted": 0.4009450350913766}