{"F1-binary": 0.6156851139390351, "Precision-binary": 0.5086552567237164, "Recall-binary": 0.77976011994003, "F1-macro": 0.30784255696951757, "Precision-macro": 0.2543276283618582, "Recall-macro": 0.389880059970015, "F1-micro": 0.44475799555327516, "Precision-micro": 0.44475799555327516, "Recall-micro": 0.44475799555327516, "F1-weighted": 0.35117322643863214, "Precision-weighted": 0.2901257535785179, "Recall-weighted": 0.44475799555327516}