{"F1-binary": 0.5713484721054106, "Precision-binary": 0.4021310181531176, "Recall-binary": 0.9864472410454985, "F1-macro": 0.2856742360527053, "Precision-macro": 0.2010655090765588, "Recall-macro": 0.49322362052274926, "F1-micro": 0.3999215070643642, "Precision-micro": 0.3999215070643642, "Recall-micro": 0.3999215070643642, "F1-weighted": 0.23163381934257815, "Precision-weighted": 0.1630303539058754, "Recall-weighted": 0.3999215070643642}