{"F1-binary": 0.763358778625954, "Precision-binary": 0.625, "Recall-binary": 0.9803921568627451, "F1-macro": 0.381679389312977, "Precision-macro": 0.3125, "Recall-macro": 0.49019607843137253, "F1-micro": 0.6172839506172839, "Precision-micro": 0.6172839506172839, "Recall-micro": 0.6172839506172839, "F1-weighted": 0.4806333050607859, "Precision-weighted": 0.39351851851851855, "Recall-weighted": 0.6172839506172839}