{"F1-binary": 0.7290886392009988, "Precision-binary": 0.7604166666666666, "Recall-binary": 0.7002398081534772, "F1-macro": 0.3645443196004994, "Precision-macro": 0.3802083333333333, "Recall-macro": 0.3501199040767386, "F1-micro": 0.5736738703339882, "Precision-micro": 0.5736738703339882, "Recall-micro": 0.5736738703339882, "F1-weighted": 0.5973083743552386, "Precision-weighted": 0.6229739685658153, "Recall-weighted": 0.5736738703339882}