{"F1-binary": 0.5369127516778524, "Precision-binary": 0.6557377049180327, "Recall-binary": 0.45454545454545453, "F1-macro": 0.2684563758389262, "Precision-macro": 0.32786885245901637, "Recall-macro": 0.22727272727272727, "F1-micro": 0.3669724770642202, "Precision-micro": 0.3669724770642202, "Recall-micro": 0.3669724770642202, "F1-weighted": 0.43347084539129366, "Precision-weighted": 0.5294029177319897, "Recall-weighted": 0.3669724770642202}