{"F1-binary": 0.5799256505576208, "Precision-binary": 0.4134275618374558, "Recall-binary": 0.970954356846473, "F1-macro": 0.2899628252788104, "Precision-macro": 0.2067137809187279, "Recall-macro": 0.4854771784232365, "F1-micro": 0.4083769633507853, "Precision-micro": 0.4083769633507853, "Recall-micro": 0.4083769633507853, "F1-weighted": 0.24391288269526462, "Precision-weighted": 0.17388489075536973, "Recall-weighted": 0.4083769633507853}