{"F1-binary": 0.5629629629629629, "Precision-binary": 0.4, "Recall-binary": 0.95, "F1-macro": 0.28148148148148144, "Precision-macro": 0.2, "Recall-macro": 0.475, "F1-micro": 0.3917525773195876, "Precision-micro": 0.3917525773195876, "Recall-micro": 0.3917525773195876, "F1-weighted": 0.23214967544864448, "Precision-weighted": 0.16494845360824742, "Recall-weighted": 0.3917525773195876, "Sample size": 97, "TP": 38, "TN": 0, "FP": 57, "FN": 2}