{"F1-binary": 0.5189964157706094, "Precision-binary": 1.0, "Recall-binary": 0.3504356243949661, "F1-macro": 0.2594982078853047, "Precision-macro": 0.5, "Recall-macro": 0.17521781219748306, "F1-micro": 0.3504356243949661, "Precision-micro": 0.3504356243949661, "Recall-micro": 0.3504356243949661, "F1-weighted": 0.5189964157706094, "Precision-weighted": 1.0, "Recall-weighted": 0.3504356243949661}