{"F1-binary": 0.4166666666666667, "Precision-binary": 0.2631578947368421, "Recall-binary": 1.0, "F1-macro": 0.20833333333333334, "Precision-macro": 0.13157894736842105, "Recall-macro": 0.5, "F1-micro": 0.2631578947368421, "Precision-micro": 0.2631578947368421, "Recall-micro": 0.2631578947368421, "F1-weighted": 0.10964912280701755, "Precision-weighted": 0.06925207756232686, "Recall-weighted": 0.2631578947368421}