{"F1-binary": 0.2456460105305792, "Precision-binary": 0.9774375503626108, "Recall-binary": 0.14047481181239144, "F1-macro": 0.1228230052652896, "Precision-macro": 0.4887187751813054, "Recall-macro": 0.07023740590619572, "F1-micro": 0.14002077802147062, "Precision-micro": 0.14002077802147062, "Recall-micro": 0.14002077802147062, "F1-weighted": 0.24485204905131608, "Precision-weighted": 0.9742783386103133, "Recall-weighted": 0.14002077802147062}