{"F1-binary": 0.556951013972707, "Precision-binary": 0.4010335108048857, "Recall-binary": 0.911225760540829, "F1-macro": 0.2784755069863535, "Precision-macro": 0.20051675540244285, "Recall-macro": 0.4556128802704145, "F1-micro": 0.38595433652324623, "Precision-micro": 0.3859543365232462, "Recall-micro": 0.3859543365232462, "F1-weighted": 0.23589945366141105, "Precision-weighted": 0.16985979686792724, "Recall-weighted": 0.3859543365232462}