{"F1-binary": 0.6602192134107028, "Precision-binary": 0.5626373626373626, "Recall-binary": 0.7987519500780031, "F1-macro": 0.3301096067053514, "Precision-macro": 0.2813186813186813, "Recall-macro": 0.3993759750390016, "F1-micro": 0.49278152069297404, "Precision-micro": 0.49278152069297404, "Recall-micro": 0.49278152069297404, "F1-weighted": 0.40731522213307075, "Precision-weighted": 0.3471131371035125, "Recall-weighted": 0.49278152069297404, "Sample size": 1039, "TP": 512, "TN": 0, "FP": 398, "FN": 129}