{"F1-binary": 0.4153846153846153, "Precision-binary": 0.2679900744416873, "Recall-binary": 0.9230769230769231, "F1-macro": 0.20769230769230765, "Precision-macro": 0.13399503722084366, "Recall-macro": 0.46153846153846156, "F1-micro": 0.2621359223300971, "Precision-micro": 0.2621359223300971, "Recall-micro": 0.2621359223300971, "F1-weighted": 0.11796116504854366, "Precision-weighted": 0.07610397745067334, "Recall-weighted": 0.2621359223300971}