{"F1-binary": 0.5698324022346368, "Precision-binary": 0.3984375, "Recall-binary": 1.0, "F1-macro": 0.2849162011173184, "Precision-macro": 0.19921875, "Recall-macro": 0.5, "F1-micro": 0.3984375, "Precision-micro": 0.3984375, "Recall-micro": 0.3984375, "F1-weighted": 0.22704259776536312, "Precision-weighted": 0.15875244140625, "Recall-weighted": 0.3984375}