{"F1-binary": 0.6031746031746031, "Precision-binary": 0.4318181818181818, "Recall-binary": 1.0, "F1-macro": 0.30158730158730157, "Precision-macro": 0.2159090909090909, "Recall-macro": 0.5, "F1-micro": 0.4318181818181818, "Precision-micro": 0.4318181818181818, "Recall-micro": 0.4318181818181818, "F1-weighted": 0.26046176046176045, "Precision-weighted": 0.18646694214876033, "Recall-weighted": 0.4318181818181818, "Sample size": 220, "TP": 95, "TN": 0, "FP": 125, "FN": 0}