{"F1-binary": 0.6992613436510727, "Precision-binary": 0.549171270718232, "Recall-binary": 0.9622458857696031, "F1-macro": 0.34963067182553637, "Precision-macro": 0.274585635359116, "Recall-macro": 0.48112294288480156, "F1-micro": 0.5375878853434288, "Precision-micro": 0.5375878853434288, "Recall-micro": 0.5375878853434288, "F1-weighted": 0.3906635846357805, "Precision-weighted": 0.30681120749158125, "Recall-weighted": 0.5375878853434288, "Sample size": 1849, "TP": 994, "TN": 0, "FP": 816, "FN": 39}