{"F1-binary": 0.5381062355658198, "Precision-binary": 0.38704318936877075, "Recall-binary": 0.8825757575757576, "F1-macro": 0.2690531177829099, "Precision-macro": 0.19352159468438537, "Recall-macro": 0.4412878787878788, "F1-micro": 0.36808846761453395, "Precision-micro": 0.36808846761453395, "Recall-micro": 0.36808846761453395, "F1-weighted": 0.22442345369569738, "Precision-weighted": 0.1614208562296295, "Recall-weighted": 0.36808846761453395}