{"F1-binary": 0.6657342657342658, "Precision-binary": 0.5021097046413502, "Recall-binary": 0.9875518672199171, "F1-macro": 0.3328671328671329, "Precision-macro": 0.2510548523206751, "Recall-macro": 0.49377593360995853, "F1-micro": 0.4989517819706499, "Precision-micro": 0.4989517819706499, "Recall-micro": 0.4989517819706499, "F1-weighted": 0.33635630616762696, "Precision-weighted": 0.2536864545462587, "Recall-weighted": 0.4989517819706499, "Sample size": 477, "TP": 238, "TN": 0, "FP": 236, "FN": 3}