{"F1-macro": 0.29715717452057433, "Precision-macro": 0.3313276314092921, "Recall-macro": 0.26937591725487453, "F1-micro": 0.42279321029972305, "Precision-micro": 0.42279321029972305, "Recall-micro": 0.42279321029972305, "F1-weighted": 0.4663966885364738, "Precision-weighted": 0.5200281984079371, "Recall-weighted": 0.422793210299723}