{"F1-binary": 0.5985330073349633, "Precision-binary": 0.4536693847294292, "Recall-binary": 0.8793103448275862, "F1-macro": 0.29926650366748164, "Precision-macro": 0.2268346923647146, "Recall-macro": 0.4396551724137931, "F1-micro": 0.427076064200977, "Precision-micro": 0.427076064200977, "Recall-micro": 0.427076064200977, "F1-weighted": 0.2907040984683422, "Precision-weighted": 0.22034465580717566, "Recall-weighted": 0.427076064200977}