{"F1-binary": 0.5984251968503937, "Precision-binary": 0.42696629213483145, "Recall-binary": 1.0, "F1-macro": 0.2992125984251969, "Precision-macro": 0.21348314606741572, "Recall-macro": 0.5, "F1-micro": 0.42696629213483145, "Precision-micro": 0.42696629213483145, "Recall-micro": 0.42696629213483145, "F1-weighted": 0.25550738741926926, "Precision-weighted": 0.1823002146193662, "Recall-weighted": 0.42696629213483145, "Sample size": 89, "TP": 38, "TN": 0, "FP": 51, "FN": 0}