{"F1-binary": 0.3776223776223776, "Precision-binary": 0.23736263736263735, "Recall-binary": 0.9230769230769231, "F1-macro": 0.1888111888111888, "Precision-macro": 0.11868131868131868, "Recall-macro": 0.46153846153846156, "F1-micro": 0.23275862068965517, "Precision-micro": 0.23275862068965517, "Recall-micro": 0.23275862068965517, "F1-weighted": 0.09521943573667711, "Precision-weighted": 0.059852216748768464, "Recall-weighted": 0.23275862068965517}