{"F1-binary": 0.5408646260650046, "Precision-binary": 0.4430657877730386, "Recall-binary": 0.6940676250253087, "F1-macro": 0.2704323130325023, "Precision-macro": 0.2215328938865193, "Recall-macro": 0.34703381251265436, "F1-micro": 0.37067474048442905, "Precision-micro": 0.37067474048442905, "Recall-micro": 0.37067474048442905, "F1-weighted": 0.2888549295128739, "Precision-weighted": 0.23662434318890976, "Recall-weighted": 0.37067474048442905, "Sample size": 18496, "TP": 6856, "TN": 0, "FP": 8618, "FN": 3022}