{"F1-binary": 0.7296102852551226, "Precision-binary": 0.934156378600823, "Recall-binary": 0.5985497692814766, "F1-macro": 0.3648051426275613, "Precision-macro": 0.4670781893004115, "Recall-macro": 0.2992748846407383, "F1-micro": 0.5743200506008855, "Precision-micro": 0.5743200506008855, "Recall-micro": 0.5743200506008855, "F1-weighted": 0.700075144043024, "Precision-weighted": 0.8963410666271022, "Recall-weighted": 0.5743200506008855, "Sample size": 1581, "TP": 908, "TN": 0, "FP": 64, "FN": 609}