{"F1-macro": 0.25691856709892186, "Precision-macro": 0.44439669989687175, "Recall-macro": 0.18069047452652176, "F1-micro": 0.34574752607649106, "Precision-micro": 0.34574752607649106, "Recall-micro": 0.34574752607649106, "F1-weighted": 0.49160842158578133, "Precision-weighted": 0.8503439928890529, "Recall-weighted": 0.34574752607649106}