{"F1-binary": 0.7836903939184521, "Precision-binary": 0.7074235807860262, "Recall-binary": 0.8783888458559257, "F1-macro": 0.39184519695922604, "Precision-macro": 0.3537117903930131, "Recall-macro": 0.43919442292796285, "F1-micro": 0.6443181818181818, "Precision-micro": 0.6443181818181818, "Recall-micro": 0.6443181818181818, "F1-weighted": 0.5748547150845009, "Precision-weighted": 0.5189112743152045, "Recall-weighted": 0.6443181818181818}