{"F1-binary": 0.5416666666666666, "Precision-binary": 0.37142857142857144, "Recall-binary": 1.0, "F1-macro": 0.2708333333333333, "Precision-macro": 0.18571428571428572, "Recall-macro": 0.5, "F1-micro": 0.37142857142857144, "Precision-micro": 0.37142857142857144, "Recall-micro": 0.37142857142857144, "F1-weighted": 0.20119047619047617, "Precision-weighted": 0.13795918367346938, "Recall-weighted": 0.37142857142857144, "Sample size": 315, "TP": 117, "TN": 0, "FP": 198, "FN": 0}