{"F1-binary": 0.41772151898734183, "Precision-binary": 0.26513122656668453, "Recall-binary": 0.9840954274353877, "F1-macro": 0.20886075949367092, "Precision-macro": 0.13256561328334227, "Recall-macro": 0.49204771371769385, "F1-micro": 0.264, "Precision-micro": 0.264, "Recall-micro": 0.264, "F1-weighted": 0.11206075949367089, "Precision-weighted": 0.07112587038028924, "Recall-weighted": 0.264}