{"F1-binary": 0.38414918414918414, "Precision-binary": 0.23842592592592593, "Recall-binary": 0.988009592326139, "F1-macro": 0.19207459207459207, "Precision-macro": 0.11921296296296297, "Recall-macro": 0.4940047961630695, "F1-micro": 0.23773802654356607, "Precision-micro": 0.23773802654356607, "Recall-micro": 0.23773802654356607, "F1-weighted": 0.09243520472602988, "Precision-weighted": 0.05737080848881195, "Recall-weighted": 0.23773802654356607}