{"F1-binary": 0.5589550276146226, "Precision-binary": 0.6729997888959257, "Recall-binary": 0.4779610194902549, "F1-macro": 0.2794775138073113, "Precision-macro": 0.33649989444796286, "Recall-macro": 0.23898050974512744, "F1-micro": 0.3878817374376445, "Precision-micro": 0.3878817374376445, "Recall-micro": 0.3878817374376445, "F1-weighted": 0.45361114906795624, "Precision-weighted": 0.5461623788704009, "Recall-weighted": 0.3878817374376445}