{"F1-binary": 0.2661814400831817, "Precision-binary": 1.0, "Recall-binary": 0.15352323838080958, "F1-macro": 0.13309072004159084, "Precision-macro": 0.5, "Recall-macro": 0.07676161919040479, "F1-micro": 0.15352323838080958, "Precision-micro": 0.15352323838080958, "Recall-micro": 0.15352323838080958, "F1-weighted": 0.2661814400831817, "Precision-weighted": 1.0, "Recall-weighted": 0.15352323838080958}