{"F1-binary": 0.7906137184115524, "Precision-binary": 0.6996805111821086, "Recall-binary": 0.9087136929460581, "F1-macro": 0.3953068592057762, "Precision-macro": 0.3498402555910543, "Recall-macro": 0.45435684647302904, "F1-micro": 0.6537313432835821, "Precision-micro": 0.6537313432835821, "Recall-micro": 0.6537313432835821, "F1-weighted": 0.5687698690662212, "Precision-weighted": 0.5033522483429498, "Recall-weighted": 0.6537313432835821, "Sample size": 335, "TP": 219, "TN": 0, "FP": 94, "FN": 22}