{"F1-binary": 0.6315132605304212, "Precision-binary": 0.46593001841620624, "Recall-binary": 0.9796708615682478, "F1-macro": 0.3157566302652106, "Precision-macro": 0.23296500920810312, "Recall-macro": 0.4898354307841239, "F1-micro": 0.46146830825353397, "Precision-micro": 0.46146830825353397, "Recall-micro": 0.46146830825353397, "F1-weighted": 0.2974706785809052, "Precision-weighted": 0.21947364752573692, "Recall-weighted": 0.46146830825353397}