{"F1-binary": 0.7293946024799417, "Precision-binary": 0.7407407407407407, "Recall-binary": 0.7183908045977011, "F1-macro": 0.36469730123997085, "Precision-macro": 0.37037037037037035, "Recall-macro": 0.35919540229885055, "F1-micro": 0.574052812858783, "Precision-micro": 0.574052812858783, "Recall-micro": 0.574052812858783, "F1-weighted": 0.5828457443467732, "Precision-weighted": 0.5919122337032785, "Recall-weighted": 0.574052812858783, "Sample size": 1742, "TP": 1000, "TN": 0, "FP": 350, "FN": 392}