{"F1-binary": 0.4095563139931741, "Precision-binary": 0.2577873254564984, "Recall-binary": 0.995850622406639, "F1-macro": 0.20477815699658705, "Precision-macro": 0.1288936627282492, "Recall-macro": 0.4979253112033195, "F1-micro": 0.2575107296137339, "Precision-micro": 0.2575107296137339, "Recall-micro": 0.2575107296137339, "F1-weighted": 0.10590458333943666, "Precision-weighted": 0.06665959810624048, "Recall-weighted": 0.2575107296137339, "Sample size": 932, "TP": 240, "TN": 0, "FP": 691, "FN": 1}