{"F1-binary": 0.2898376428141912, "Precision-binary": 0.16947960618846694, "Recall-binary": 1.0, "F1-macro": 0.1449188214070956, "Precision-macro": 0.08473980309423347, "Recall-macro": 0.5, "F1-micro": 0.16947960618846694, "Precision-micro": 0.16947960618846694, "Recall-micro": 0.16947960618846694, "F1-weighted": 0.04912156956274267, "Precision-weighted": 0.028723336913797845, "Recall-weighted": 0.16947960618846694}