{"F1-binary": 0.6788605697151424, "Precision-binary": 0.5826042202779207, "Recall-binary": 0.8132183908045977, "F1-macro": 0.3394302848575712, "Precision-macro": 0.29130211013896035, "Recall-macro": 0.40660919540229884, "F1-micro": 0.5138447571493419, "Precision-micro": 0.5138447571493419, "Recall-micro": 0.5138447571493419, "F1-weighted": 0.4289486668377114, "Precision-weighted": 0.36812758721146877, "Recall-weighted": 0.5138447571493419}