{"F1-binary": 0.21566401816118047, "Precision-binary": 1.0, "Recall-binary": 0.12086513994910941, "F1-macro": 0.10783200908059024, "Precision-macro": 0.5, "Recall-macro": 0.060432569974554706, "F1-micro": 0.12086513994910941, "Precision-micro": 0.12086513994910941, "Recall-micro": 0.12086513994910941, "F1-weighted": 0.21566401816118047, "Precision-weighted": 1.0, "Recall-weighted": 0.12086513994910941}