{"F1-binary": 0.5794741306191687, "Precision-binary": 0.6671875, "Recall-binary": 0.512143928035982, "F1-macro": 0.2897370653095844, "Precision-macro": 0.33359375, "Recall-macro": 0.256071964017991, "F1-micro": 0.4079293049916408, "Precision-micro": 0.4079293049916408, "Recall-micro": 0.4079293049916408, "F1-weighted": 0.46155868775135606, "Precision-weighted": 0.5314235281824695, "Recall-weighted": 0.40792930499164076, "Sample size": 8374, "TP": 3416, "TN": 0, "FP": 1704, "FN": 3254}