{"F1-binary": 0.3532075471698113, "Precision-binary": 0.2158671586715867, "Recall-binary": 0.970954356846473, "F1-macro": 0.17660377358490564, "Precision-macro": 0.10793357933579335, "Recall-macro": 0.4854771784232365, "F1-micro": 0.21448212648945922, "Precision-micro": 0.21448212648945922, "Recall-micro": 0.21448212648945922, "F1-weighted": 0.07802293205125986, "Precision-weighted": 0.04768467941324692, "Recall-weighted": 0.21448212648945922}