{"F1-binary": 0.46913580246913583, "Precision-binary": 0.3114754098360656, "Recall-binary": 0.95, "F1-macro": 0.23456790123456792, "Precision-macro": 0.1557377049180328, "Recall-macro": 0.475, "F1-micro": 0.3064516129032258, "Precision-micro": 0.3064516129032258, "Recall-micro": 0.3064516129032258, "F1-weighted": 0.1513341298287535, "Precision-weighted": 0.10047593865679535, "Recall-weighted": 0.3064516129032258}