{"F1-binary": 0.6266666666666666, "Precision-binary": 0.9791666666666666, "Recall-binary": 0.46078431372549017, "F1-macro": 0.3133333333333333, "Precision-macro": 0.4895833333333333, "Recall-macro": 0.23039215686274508, "F1-micro": 0.4563106796116505, "Precision-micro": 0.4563106796116505, "Recall-micro": 0.4563106796116505, "F1-weighted": 0.6205825242718446, "Precision-weighted": 0.9696601941747572, "Recall-weighted": 0.4563106796116505, "Sample size": 103, "TP": 47, "TN": 0, "FP": 1, "FN": 55}