{"F1-binary": 0.533585222502099, "Precision-binary": 0.3769276393831554, "Recall-binary": 0.9130747126436781, "F1-macro": 0.2667926112510495, "Precision-macro": 0.1884638196915777, "Recall-macro": 0.45653735632183906, "F1-micro": 0.3638705983395362, "Precision-micro": 0.3638705983395362, "Recall-micro": 0.3638705983395362, "F1-weighted": 0.2126397451253713, "Precision-weighted": 0.15020992671667688, "Recall-weighted": 0.3638705983395362}