{"F1-macro": 0.27416566945884857, "Precision-macro": 0.3993028659953524, "Recall-macro": 0.20874670986029562, "F1-micro": 0.3777248580326067, "Precision-micro": 0.3777248580326067, "Recall-micro": 0.3777248580326067, "F1-weighted": 0.4960997404129888, "Precision-weighted": 0.7225341106983131, "Recall-weighted": 0.3777248580326067}