{"F1-binary": 0.5261797026502909, "Precision-binary": 0.3601769911504425, "Recall-binary": 0.9760191846522782, "F1-macro": 0.26308985132514545, "Precision-macro": 0.18008849557522125, "Recall-macro": 0.4880095923261391, "F1-micro": 0.3570175438596491, "Precision-micro": 0.3570175438596491, "Recall-micro": 0.3570175438596491, "F1-weighted": 0.1924709964957643, "Precision-weighted": 0.13174895202608292, "Recall-weighted": 0.3570175438596491, "Sample size": 1140, "TP": 407, "TN": 0, "FP": 723, "FN": 10}