{"F1-binary": 0.38095238095238093, "Precision-binary": 1.0, "Recall-binary": 0.23529411764705882, "F1-macro": 0.19047619047619047, "Precision-macro": 0.5, "Recall-macro": 0.11764705882352941, "F1-micro": 0.23529411764705882, "Precision-micro": 0.23529411764705882, "Recall-micro": 0.23529411764705882, "F1-weighted": 0.38095238095238093, "Precision-weighted": 1.0, "Recall-weighted": 0.23529411764705882}