{"F1-binary": 0.6434782608695653, "Precision-binary": 0.4805194805194805, "Recall-binary": 0.9736842105263158, "F1-macro": 0.32173913043478264, "Precision-macro": 0.24025974025974026, "Recall-macro": 0.4868421052631579, "F1-micro": 0.47435897435897434, "Precision-micro": 0.47435897435897434, "Recall-micro": 0.47435897435897434, "F1-weighted": 0.3134894091415831, "Precision-weighted": 0.23409923409923408, "Recall-weighted": 0.47435897435897434}