{"F1-binary": 0.6738875878220141, "Precision-binary": 0.5686758893280632, "Recall-binary": 0.826867816091954, "F1-macro": 0.33694379391100704, "Precision-macro": 0.2843379446640316, "Recall-macro": 0.413433908045977, "F1-micro": 0.5081677704194261, "Precision-micro": 0.5081677704194261, "Recall-micro": 0.5081677704194261, "F1-weighted": 0.41415078244955567, "Precision-weighted": 0.34949087767976333, "Recall-weighted": 0.5081677704194261, "Sample size": 2265, "TP": 1151, "TN": 0, "FP": 873, "FN": 241}