{"F1-binary": 0.7312775330396475, "Precision-binary": 0.6287878787878788, "Recall-binary": 0.8736842105263158, "F1-macro": 0.36563876651982374, "Precision-macro": 0.3143939393939394, "Recall-macro": 0.4368421052631579, "F1-micro": 0.5763888888888888, "Precision-micro": 0.5763888888888888, "Recall-micro": 0.5763888888888888, "F1-weighted": 0.4824400391581008, "Precision-weighted": 0.4148253367003367, "Recall-weighted": 0.5763888888888888}