{"F1-macro": 0.2824957491025883, "Precision-macro": 0.2570777694996848, "Recall-macro": 0.31349150884058985, "F1-micro": 0.3937199657692054, "Precision-micro": 0.3937199657692054, "Recall-micro": 0.3937199657692054, "F1-weighted": 0.354791799873516, "Precision-weighted": 0.32286887444504336, "Recall-weighted": 0.3937199657692054}