{"F1-macro": 0.25798114928549715, "Precision-macro": 0.2065230619447487, "Recall-macro": 0.3435918202065195, "F1-micro": 0.3476746568326163, "Precision-micro": 0.3476746568326163, "Recall-micro": 0.3476746568326163, "F1-weighted": 0.2610466904980681, "Precision-weighted": 0.20897713643620444, "Recall-weighted": 0.3476746568326163}