{"F1-binary": 0.40320641282565123, "Precision-binary": 0.25251004016064255, "Recall-binary": 1.0, "F1-macro": 0.20160320641282561, "Precision-macro": 0.12625502008032127, "Recall-macro": 0.5, "F1-micro": 0.25251004016064255, "Precision-micro": 0.25251004016064255, "Recall-micro": 0.25251004016064255, "F1-weighted": 0.10181366749563382, "Precision-weighted": 0.06376132038192932, "Recall-weighted": 0.25251004016064255}