{"F1-binary": 0.7423771001866832, "Precision-binary": 0.6203848153926157, "Recall-binary": 0.9240898528272656, "F1-macro": 0.3711885500933416, "Precision-macro": 0.31019240769630785, "Recall-macro": 0.4620449264136328, "F1-micro": 0.5903018307768432, "Precision-micro": 0.5903018307768432, "Recall-micro": 0.5903018307768432, "F1-weighted": 0.4742250550920376, "Precision-weighted": 0.3962972769281875, "Recall-weighted": 0.5903018307768432}