{"F1-binary": 0.3377885783718105, "Precision-binary": 0.20321637426900585, "Recall-binary": 1.0, "F1-macro": 0.16889428918590524, "Precision-macro": 0.10160818713450293, "Recall-macro": 0.5, "F1-micro": 0.20321637426900585, "Precision-micro": 0.20321637426900585, "Recall-micro": 0.20321637426900585, "F1-weighted": 0.06864417016620125, "Precision-weighted": 0.04129689477104066, "Recall-weighted": 0.20321637426900585}