{"F1-binary": 0.702954898911353, "Precision-binary": 1.0, "Recall-binary": 0.5419664268585132, "F1-macro": 0.3514774494556765, "Precision-macro": 0.5, "Recall-macro": 0.2709832134292566, "F1-micro": 0.5419664268585132, "Precision-micro": 0.5419664268585132, "Recall-micro": 0.5419664268585132, "F1-weighted": 0.7029548989113529, "Precision-weighted": 1.0, "Recall-weighted": 0.5419664268585132}