{"F1-binary": 0.6907962771458118, "Precision-binary": 0.6072727272727273, "Recall-binary": 0.8009592326139089, "F1-macro": 0.3453981385729059, "Precision-macro": 0.30363636363636365, "Recall-macro": 0.40047961630695444, "F1-micro": 0.5276461295418642, "Precision-micro": 0.5276461295418642, "Recall-micro": 0.5276461295418642, "F1-weighted": 0.45507432475482396, "Precision-weighted": 0.40005170185264977, "Recall-weighted": 0.5276461295418642}