{"F1-macro": 0.25221065042247987, "Precision-macro": 0.18641072811773818, "Recall-macro": 0.3898056286697712, "F1-micro": 0.3372749967152805, "Precision-micro": 0.3372749967152805, "Recall-micro": 0.3372749967152805, "F1-weighted": 0.21822246790813787, "Precision-weighted": 0.16128981494740224, "Recall-weighted": 0.3372749967152805}