{"F1-binary": 0.5485854858548586, "Precision-binary": 0.40619307832422585, "Recall-binary": 0.8446969696969697, "F1-macro": 0.2742927429274293, "Precision-macro": 0.20309653916211293, "Recall-macro": 0.42234848484848486, "F1-micro": 0.37796610169491524, "Precision-micro": 0.37796610169491524, "Recall-micro": 0.37796610169491524, "F1-weighted": 0.24546875977234348, "Precision-weighted": 0.18175419097897563, "Recall-weighted": 0.37796610169491524}