{"F1-binary": 0.7048138056312443, "Precision-binary": 0.5672514619883041, "Recall-binary": 0.9304556354916067, "F1-macro": 0.35240690281562215, "Precision-macro": 0.28362573099415206, "Recall-macro": 0.46522781774580335, "F1-micro": 0.544179523141655, "Precision-micro": 0.544179523141655, "Recall-micro": 0.544179523141655, "F1-weighted": 0.4122122818348231, "Precision-weighted": 0.3317585689328511, "Recall-weighted": 0.544179523141655}