{"F1-binary": 0.320265780730897, "Precision-binary": 0.1906645569620253, "Recall-binary": 1.0, "F1-macro": 0.1601328903654485, "Precision-macro": 0.09533227848101265, "Recall-macro": 0.5, "F1-micro": 0.1906645569620253, "Precision-micro": 0.1906645569620253, "Recall-micro": 0.1906645569620253, "F1-weighted": 0.06106333319315362, "Precision-weighted": 0.0363529732815254, "Recall-weighted": 0.1906645569620253}