{"F1-binary": 0.4502219403931516, "Precision-binary": 0.30603448275862066, "Recall-binary": 0.8513189448441247, "F1-macro": 0.2251109701965758, "Precision-macro": 0.15301724137931033, "Recall-macro": 0.42565947242206237, "F1-micro": 0.2905073649754501, "Precision-micro": 0.2905073649754501, "Recall-micro": 0.2905073649754501, "F1-weighted": 0.15363547393121457, "Precision-weighted": 0.1044323889610023, "Recall-weighted": 0.2905073649754501, "Sample size": 1222, "TP": 355, "TN": 0, "FP": 805, "FN": 62}