{"F1-binary": 0.6926259430518374, "Precision-binary": 0.5489969135802469, "Recall-binary": 0.9380355965721819, "F1-macro": 0.3463129715259187, "Precision-macro": 0.27449845679012347, "Recall-macro": 0.46901779828609097, "F1-micro": 0.5297840655249442, "Precision-micro": 0.5297840655249442, "Recall-micro": 0.5297840655249442, "F1-weighted": 0.39118151735280615, "Precision-weighted": 0.3100626648924924, "Recall-weighted": 0.5297840655249442}