{"F1-binary": 0.4783945622268975, "Precision-binary": 0.7939833467633629, "Recall-binary": 0.34232773595830923, "F1-macro": 0.23919728111344876, "Precision-macro": 0.39699167338168145, "Recall-macro": 0.17116386797915462, "F1-micro": 0.31440119123590726, "Precision-micro": 0.31440119123590726, "Recall-micro": 0.31440119123590726, "F1-weighted": 0.4393679052147692, "Precision-weighted": 0.7292114655713294, "Recall-weighted": 0.31440119123590726, "Sample size": 18804, "TP": 5912, "TN": 0, "FP": 1534, "FN": 11358}