{"F1-macro": 0.2885614670287305, "Precision-macro": 0.2773034793814433, "Recall-macro": 0.30077224124676777, "F1-micro": 0.40560280847253966, "Precision-micro": 0.40560280847253966, "Recall-micro": 0.40560280847253966, "F1-weighted": 0.3891361149507909, "Precision-weighted": 0.3739542903629877, "Recall-weighted": 0.40560280847253966}