{"F1-binary": 0.5275548421615838, "Precision-binary": 0.3609077598828697, "Recall-binary": 0.9801192842942346, "F1-macro": 0.2637774210807919, "Precision-macro": 0.18045387994143486, "Recall-macro": 0.4900596421471173, "F1-micro": 0.35828488372093026, "Precision-micro": 0.35828488372093026, "Recall-micro": 0.35828488372093026, "F1-weighted": 0.1928488994238929, "Precision-weighted": 0.13193067094555483, "Recall-weighted": 0.35828488372093026}