{"F1-binary": 0.5300171526586621, "Precision-binary": 0.8131578947368421, "Recall-binary": 0.3931297709923664, "F1-macro": 0.26500857632933106, "Precision-macro": 0.40657894736842104, "Recall-macro": 0.1965648854961832, "F1-micro": 0.36056009334889155, "Precision-micro": 0.3605600933488915, "Recall-micro": 0.3605600933488915, "F1-weighted": 0.486106746779123, "Precision-weighted": 0.7457900878216545, "Recall-weighted": 0.3605600933488915, "Sample size": 857, "TP": 309, "TN": 0, "FP": 71, "FN": 477}