{"F1-binary": 0.4715127701375245, "Precision-binary": 0.3088803088803089, "Recall-binary": 0.995850622406639, "F1-macro": 0.23575638506876226, "Precision-macro": 0.15444015444015444, "Recall-macro": 0.4979253112033195, "F1-micro": 0.30848329048843187, "Precision-micro": 0.30848329048843187, "Recall-micro": 0.30848329048843187, "F1-weighted": 0.1460598683845031, "Precision-weighted": 0.0956814324423579, "Recall-weighted": 0.30848329048843187}