{"F1-binary": 0.3614232209737828, "Precision-binary": 0.2220578566732413, "Recall-binary": 0.9705459770114943, "F1-macro": 0.1807116104868914, "Precision-macro": 0.11102892833662065, "Recall-macro": 0.4852729885057471, "F1-micro": 0.22057142857142858, "Precision-micro": 0.22057142857142858, "Recall-micro": 0.22057142857142858, "F1-weighted": 0.08213895895436828, "Precision-weighted": 0.05046604677373908, "Recall-weighted": 0.22057142857142858}