{"F1-binary": 0.5756627008975161, "Precision-binary": 0.5370634817603531, "Recall-binary": 0.62023988005997, "F1-macro": 0.28783135044875807, "Precision-macro": 0.26853174088017656, "Recall-macro": 0.310119940029985, "F1-micro": 0.4041617819460727, "Precision-micro": 0.40416178194607266, "Recall-micro": 0.40416178194607266, "F1-weighted": 0.3751143234648723, "Precision-weighted": 0.3499622336207069, "Recall-weighted": 0.40416178194607266, "Sample size": 10236, "TP": 4137, "TN": 0, "FP": 3566, "FN": 2533}