{"F1-binary": 0.6020447982517756, "Precision-binary": 0.6278691193228064, "Recall-binary": 0.5782608695652174, "F1-macro": 0.3010223991258878, "Precision-macro": 0.3139345596614032, "Recall-macro": 0.2891304347826087, "F1-micro": 0.4306610093791871, "Precision-micro": 0.4306610093791871, "Recall-micro": 0.4306610093791871, "F1-weighted": 0.4483741407256971, "Precision-weighted": 0.4676068586292004, "Recall-weighted": 0.4306610093791871}