{"F1-binary": 0.5671641791044776, "Precision-binary": 0.40425531914893614, "Recall-binary": 0.95, "F1-macro": 0.2835820895522388, "Precision-macro": 0.20212765957446807, "Recall-macro": 0.475, "F1-micro": 0.3958333333333333, "Precision-micro": 0.3958333333333333, "Recall-micro": 0.3958333333333333, "F1-weighted": 0.23631840796019898, "Precision-weighted": 0.1684397163120567, "Recall-weighted": 0.3958333333333333, "Sample size": 96, "TP": 38, "TN": 0, "FP": 56, "FN": 2}