{"F1-binary": 0.39433711841911223, "Precision-binary": 0.24809797736129152, "Recall-binary": 0.9604885057471264, "F1-macro": 0.19716855920955612, "Precision-macro": 0.12404898868064576, "Recall-macro": 0.4802442528735632, "F1-micro": 0.24559147685525348, "Precision-micro": 0.24559147685525348, "Recall-micro": 0.24559147685525348, "F1-weighted": 0.10082977017623149, "Precision-weighted": 0.06343724917099886, "Recall-weighted": 0.24559147685525348}