{"F1-binary": 0.33546955878728124, "Precision-binary": 0.20246950312407022, "Recall-binary": 0.9777298850574713, "F1-macro": 0.16773477939364062, "Precision-macro": 0.10123475156203511, "Recall-macro": 0.48886494252873564, "F1-micro": 0.20154005627128685, "Precision-micro": 0.20154005627128685, "Recall-micro": 0.20154005627128685, "F1-weighted": 0.06915054432576566, "Precision-weighted": 0.04173516190562798, "Recall-weighted": 0.20154005627128685, "Sample size": 6753, "TP": 1361, "TN": 0, "FP": 5361, "FN": 31}