{"F1-binary": 0.5482796892341842, "Precision-binary": 0.95, "Recall-binary": 0.38533541341653665, "F1-macro": 0.2741398446170921, "Precision-macro": 0.475, "Recall-macro": 0.19266770670826833, "F1-micro": 0.37767584097859325, "Precision-micro": 0.37767584097859325, "Recall-micro": 0.37767584097859325, "F1-weighted": 0.5373811633013946, "Precision-weighted": 0.9311162079510702, "Recall-weighted": 0.37767584097859325}