{"F1-binary": 0.6642410928811697, "Precision-binary": 0.5408003577017662, "Recall-binary": 0.8607009428927237, "F1-macro": 0.33212054644058486, "Precision-macro": 0.2704001788508831, "Recall-macro": 0.43035047144636185, "F1-micro": 0.4972761846027341, "Precision-micro": 0.4972761846027341, "Recall-micro": 0.4972761846027341, "F1-weighted": 0.38377008768476256, "Precision-weighted": 0.3124513116087601, "Recall-weighted": 0.4972761846027341}