{"F1-binary": 0.60431654676259, "Precision-binary": 0.9545454545454546, "Recall-binary": 0.4421052631578947, "F1-macro": 0.302158273381295, "Precision-macro": 0.4772727272727273, "Recall-macro": 0.22105263157894736, "F1-micro": 0.43298969072164945, "Precision-micro": 0.4329896907216495, "Recall-micro": 0.4329896907216495, "F1-weighted": 0.5918564117777942, "Precision-weighted": 0.9348641049671979, "Recall-weighted": 0.4329896907216495, "Sample size": 97, "TP": 42, "TN": 0, "FP": 2, "FN": 53}