{"F1-binary": 0.4136823510518709, "Precision-binary": 1.0, "Recall-binary": 0.26078153472362825, "F1-macro": 0.20684117552593545, "Precision-macro": 0.5, "Recall-macro": 0.13039076736181412, "F1-micro": 0.26078153472362825, "Precision-micro": 0.26078153472362825, "Recall-micro": 0.26078153472362825, "F1-weighted": 0.4136823510518709, "Precision-weighted": 1.0, "Recall-weighted": 0.26078153472362825}