{"F1-binary": 0.6989079563182528, "Precision-binary": 1.0, "Recall-binary": 0.5371702637889688, "F1-macro": 0.3494539781591264, "Precision-macro": 0.5, "Recall-macro": 0.2685851318944844, "F1-micro": 0.5371702637889688, "Precision-micro": 0.5371702637889688, "Recall-micro": 0.5371702637889688, "F1-weighted": 0.6989079563182528, "Precision-weighted": 1.0, "Recall-weighted": 0.5371702637889688}