{"F1-binary": 0.3858202802967848, "Precision-binary": 0.24074074074074073, "Recall-binary": 0.970954356846473, "F1-macro": 0.1929101401483924, "Precision-macro": 0.12037037037037036, "Recall-macro": 0.4854771784232365, "F1-micro": 0.2390194075587334, "Precision-micro": 0.2390194075587334, "Recall-micro": 0.2390194075587334, "F1-weighted": 0.09497720893924937, "Precision-weighted": 0.05926304240910982, "Recall-weighted": 0.2390194075587334}