{"F1-binary": 0.5217391304347826, "Precision-binary": 0.46153846153846156, "Recall-binary": 0.6, "F1-macro": 0.2608695652173913, "Precision-macro": 0.23076923076923078, "Recall-macro": 0.3, "F1-micro": 0.35294117647058826, "Precision-micro": 0.35294117647058826, "Recall-micro": 0.35294117647058826, "F1-weighted": 0.3069053708439898, "Precision-weighted": 0.2714932126696833, "Recall-weighted": 0.35294117647058826}