{"F1-binary": 0.5017526289434152, "Precision-binary": 0.3353413654618474, "Recall-binary": 0.9960238568588469, "F1-macro": 0.2508763144717076, "Precision-macro": 0.1676706827309237, "Recall-macro": 0.49801192842942343, "F1-micro": 0.33489304812834225, "Precision-micro": 0.33489304812834225, "Recall-micro": 0.33489304812834225, "F1-weighted": 0.1687042595979531, "Precision-weighted": 0.11275180937654361, "Recall-weighted": 0.33489304812834225}