{"F1-binary": 0.6109857035364936, "Precision-binary": 0.4451754385964912, "Recall-binary": 0.973621103117506, "F1-macro": 0.3054928517682468, "Precision-macro": 0.2225877192982456, "Recall-macro": 0.486810551558753, "F1-micro": 0.4398699891657638, "Precision-micro": 0.4398699891657638, "Recall-micro": 0.4398699891657638, "F1-weighted": 0.2760357945554906, "Precision-weighted": 0.20112476478303018, "Recall-weighted": 0.4398699891657638}