{"F1-binary": 0.7295918367346939, "Precision-binary": 0.7403846153846154, "Recall-binary": 0.7191091954022989, "F1-macro": 0.3647959183673469, "Precision-macro": 0.3701923076923077, "Recall-macro": 0.35955459770114945, "F1-micro": 0.5742971887550201, "Precision-micro": 0.5742971887550201, "Recall-micro": 0.5742971887550201, "F1-weighted": 0.5826688678913906, "Precision-weighted": 0.5912882298424468, "Recall-weighted": 0.5742971887550201}