{"F1-binary": 0.59814453125, "Precision-binary": 0.4530325443786982, "Recall-binary": 0.8800287356321839, "F1-macro": 0.299072265625, "Precision-macro": 0.2265162721893491, "Recall-macro": 0.44001436781609193, "F1-micro": 0.4266805990943922, "Precision-micro": 0.4266805990943922, "Recall-micro": 0.4266805990943922, "F1-weighted": 0.2900094696969697, "Precision-weighted": 0.2196521427290658, "Recall-weighted": 0.4266805990943922}