{"F1-binary": 0.5697184659720683, "Precision-binary": 0.39906832298136646, "Recall-binary": 0.9953524399690162, "F1-macro": 0.28485923298603416, "Precision-macro": 0.19953416149068323, "Recall-macro": 0.4976762199845081, "F1-micro": 0.398326100433974, "Precision-micro": 0.398326100433974, "Recall-micro": 0.398326100433974, "F1-weighted": 0.2279933476658215, "Precision-weighted": 0.15970155144728584, "Recall-weighted": 0.398326100433974}