{"F1-binary": 0.5590551181102362, "Precision-binary": 0.5819672131147541, "Recall-binary": 0.5378787878787878, "F1-macro": 0.2795275590551181, "Precision-macro": 0.29098360655737704, "Recall-macro": 0.2689393939393939, "F1-micro": 0.3879781420765027, "Precision-micro": 0.3879781420765027, "Recall-micro": 0.3879781420765027, "F1-weighted": 0.40325287207951466, "Precision-weighted": 0.41977962913195377, "Recall-weighted": 0.3879781420765027, "Sample size": 366, "TP": 142, "TN": 0, "FP": 102, "FN": 122}