{"F1-binary": 0.4764397905759162, "Precision-binary": 0.7711864406779662, "Recall-binary": 0.3446969696969697, "F1-macro": 0.2382198952879581, "Precision-macro": 0.3855932203389831, "Recall-macro": 0.17234848484848486, "F1-micro": 0.3127147766323024, "Precision-micro": 0.3127147766323024, "Recall-micro": 0.3127147766323024, "F1-weighted": 0.4322340368111405, "Precision-weighted": 0.6996330595841342, "Recall-weighted": 0.3127147766323024}