{"F1-binary": 0.6086298258894777, "Precision-binary": 0.4446902654867257, "Recall-binary": 0.9640287769784173, "F1-macro": 0.30431491294473884, "Precision-macro": 0.22234513274336284, "Recall-macro": 0.48201438848920863, "F1-micro": 0.43743199129488575, "Precision-micro": 0.43743199129488575, "Recall-micro": 0.43743199129488575, "F1-weighted": 0.27616826702493164, "Precision-weighted": 0.20178002253314975, "Recall-weighted": 0.43743199129488575}