{"F1-binary": 0.7371657504891456, "Precision-binary": 0.7738654147104851, "Recall-binary": 0.7037893613236079, "F1-macro": 0.3685828752445728, "Precision-macro": 0.38693270735524254, "Recall-macro": 0.35189468066180396, "F1-micro": 0.5837391176036595, "Precision-micro": 0.5837391176036595, "Recall-micro": 0.5837391176036595, "F1-weighted": 0.6114222640548159, "Precision-weighted": 0.6418618114339142, "Recall-weighted": 0.5837391176036595}