{"F1-macro": 0.2938075943920542, "Precision-macro": 0.30169366715758467, "Recall-macro": 0.28632329303235726, "F1-micro": 0.41604468139121603, "Precision-micro": 0.41604468139121603, "Recall-micro": 0.41604468139121603, "F1-weighted": 0.4269198139787666, "Precision-weighted": 0.43837874418460315, "Recall-weighted": 0.41604468139121603}