{"F1-binary": 0.4731058415268943, "Precision-binary": 0.3117378048780488, "Recall-binary": 0.9808153477218226, "F1-macro": 0.23655292076344714, "Precision-macro": 0.1558689024390244, "Recall-macro": 0.4904076738609113, "F1-micro": 0.3098484848484849, "Precision-micro": 0.3098484848484849, "Recall-micro": 0.3098484848484849, "F1-weighted": 0.14945843630054162, "Precision-weighted": 0.09848080654101996, "Recall-weighted": 0.3098484848484849}