{"F1-macro": 0.2714175456650373, "Precision-macro": 0.23542100565307944, "Recall-macro": 0.3204089896740231, "F1-micro": 0.3725282485875706, "Precision-micro": 0.3725282485875706, "Recall-micro": 0.3725282485875706, "F1-weighted": 0.3155676219490629, "Precision-weighted": 0.27371571255192073, "Recall-weighted": 0.3725282485875706}