{"F1-binary": 0.3461538461538462, "Precision-binary": 0.20930232558139536, "Recall-binary": 1.0, "F1-macro": 0.1730769230769231, "Precision-macro": 0.10465116279069768, "Recall-macro": 0.5, "F1-micro": 0.20930232558139536, "Precision-micro": 0.20930232558139536, "Recall-micro": 0.20930232558139536, "F1-weighted": 0.07245080500894456, "Precision-weighted": 0.043807463493780424, "Recall-weighted": 0.20930232558139536, "Sample size": 559, "TP": 117, "TN": 0, "FP": 442, "FN": 0}