{"F1-binary": 0.4999999999999999, "Precision-binary": 0.40714285714285714, "Recall-binary": 0.6477272727272727, "F1-macro": 0.24999999999999994, "Precision-macro": 0.20357142857142857, "Recall-macro": 0.32386363636363635, "F1-micro": 0.3333333333333333, "Precision-micro": 0.3333333333333333, "Recall-micro": 0.3333333333333333, "F1-weighted": 0.25730994152046777, "Precision-weighted": 0.2095238095238095, "Recall-weighted": 0.3333333333333333}