{"F1-binary": 0.4948453608247421, "Precision-binary": 0.42105263157894735, "Recall-binary": 0.6, "F1-macro": 0.24742268041237106, "Precision-macro": 0.21052631578947367, "Recall-macro": 0.3, "F1-micro": 0.3287671232876712, "Precision-micro": 0.3287671232876712, "Recall-micro": 0.3287671232876712, "F1-weighted": 0.2711481429176669, "Precision-weighted": 0.23071377072819033, "Recall-weighted": 0.3287671232876712}