{"F1-binary": 0.7010309278350516, "Precision-binary": 0.6074595722483046, "Recall-binary": 0.8286781711439246, "F1-macro": 0.3505154639175258, "Precision-macro": 0.3037297861241523, "Recall-macro": 0.4143390855719623, "F1-micro": 0.5396825396825397, "Precision-micro": 0.5396825396825397, "Recall-micro": 0.5396825396825397, "F1-weighted": 0.45655136662736934, "Precision-weighted": 0.3956123572711992, "Recall-weighted": 0.5396825396825397, "Sample size": 8631, "TP": 4658, "TN": 0, "FP": 3010, "FN": 963}