{"F1-binary": 0.5288858597602535, "Precision-binary": 0.437836043810156, "Recall-binary": 0.66774650739016, "F1-macro": 0.26444292988012674, "Precision-macro": 0.218918021905078, "Recall-macro": 0.33387325369508, "F1-micro": 0.3595138169728021, "Precision-micro": 0.3595138169728021, "Recall-micro": 0.3595138169728021, "F1-weighted": 0.2847514319895233, "Precision-weighted": 0.23573033415581407, "Recall-weighted": 0.3595138169728021}