{"F1-binary": 0.4489795918367347, "Precision-binary": 1.0, "Recall-binary": 0.2894736842105263, "F1-macro": 0.22448979591836735, "Precision-macro": 0.5, "Recall-macro": 0.14473684210526316, "F1-micro": 0.2894736842105263, "Precision-micro": 0.2894736842105263, "Recall-micro": 0.2894736842105263, "F1-weighted": 0.4489795918367347, "Precision-weighted": 1.0, "Recall-weighted": 0.2894736842105263}