{"F1-macro": 0.2842338146250582, "Precision-macro": 0.3344751986845711, "Recall-macro": 0.24711480056691637, "F1-micro": 0.3971042785098422, "Precision-micro": 0.3971042785098422, "Recall-micro": 0.3971042785098422, "F1-weighted": 0.4567531512715674, "Precision-weighted": 0.5374891837654454, "Recall-weighted": 0.3971042785098422}