{"F1-binary": 0.716577540106952, "Precision-binary": 0.7528089887640449, "Recall-binary": 0.6836734693877551, "F1-macro": 0.358288770053476, "Precision-macro": 0.37640449438202245, "Recall-macro": 0.34183673469387754, "F1-micro": 0.5583333333333333, "Precision-micro": 0.5583333333333333, "Recall-micro": 0.5583333333333333, "F1-weighted": 0.5852049910873441, "Precision-weighted": 0.6147940074906367, "Recall-weighted": 0.5583333333333333, "Sample size": 240, "TP": 134, "TN": 0, "FP": 44, "FN": 62}