{"F1-binary": 0.552119129438717, "Precision-binary": 0.3813291139240506, "Recall-binary": 1.0, "F1-macro": 0.2760595647193585, "Precision-macro": 0.1906645569620253, "Recall-macro": 0.5, "F1-micro": 0.3813291139240506, "Precision-micro": 0.3813291139240506, "Recall-micro": 0.3813291139240506, "F1-weighted": 0.21053909840938417, "Precision-weighted": 0.1454118931261016, "Recall-weighted": 0.3813291139240506}