{"F1-binary": 0.3798701298701299, "Precision-binary": 0.23446893787575152, "Recall-binary": 1.0, "F1-macro": 0.18993506493506496, "Precision-macro": 0.11723446893787576, "Recall-macro": 0.5, "F1-micro": 0.23446893787575152, "Precision-micro": 0.23446893787575152, "Recall-micro": 0.23446893787575152, "F1-weighted": 0.08906774588137314, "Precision-weighted": 0.054975682828583027, "Recall-weighted": 0.23446893787575152}