{"F1-binary": 0.33611760775142, "Precision-binary": 0.20200803212851406, "Recall-binary": 1.0, "F1-macro": 0.16805880387571, "Precision-macro": 0.10100401606425703, "Recall-macro": 0.5, "F1-micro": 0.20200803212851404, "Precision-micro": 0.20200803212851406, "Recall-micro": 0.20200803212851406, "F1-weighted": 0.06789845650560815, "Precision-weighted": 0.04080724504443477, "Recall-weighted": 0.20200803212851406, "Sample size": 2490, "TP": 503, "TN": 0, "FP": 1987, "FN": 0}