{"F1-binary": 0.6233128834355828, "Precision-binary": 0.45357142857142857, "Recall-binary": 0.996078431372549, "F1-macro": 0.3116564417177914, "Precision-macro": 0.22678571428571428, "Recall-macro": 0.4980392156862745, "F1-micro": 0.45276292335115864, "Precision-micro": 0.45276292335115864, "Recall-micro": 0.45276292335115864, "F1-weighted": 0.2833240379252649, "Precision-weighted": 0.20616883116883117, "Recall-weighted": 0.45276292335115864, "Sample size": 561, "TP": 254, "TN": 0, "FP": 306, "FN": 1}