{"F1-binary": 0.37538461538461537, "Precision-binary": 1.0, "Recall-binary": 0.23106060606060605, "F1-macro": 0.18769230769230769, "Precision-macro": 0.5, "Recall-macro": 0.11553030303030302, "F1-micro": 0.23106060606060605, "Precision-micro": 0.23106060606060605, "Recall-micro": 0.23106060606060605, "F1-weighted": 0.37538461538461537, "Precision-weighted": 1.0, "Recall-weighted": 0.23106060606060605, "Sample size": 264, "TP": 61, "TN": 0, "FP": 0, "FN": 203}