{"F1-macro": 0.2522451655195018, "Precision-macro": 0.18650639782861575, "Recall-macro": 0.3895525410002025, "F1-micro": 0.3373367230647848, "Precision-micro": 0.3373367230647848, "Recall-micro": 0.3373367230647848, "F1-weighted": 0.21843409704581737, "Precision-weighted": 0.16150698674069136, "Recall-weighted": 0.3373367230647848}