{"F1-binary": 0.6379310344827586, "Precision-binary": 0.47435897435897434, "Recall-binary": 0.9736842105263158, "F1-macro": 0.3189655172413793, "Precision-macro": 0.23717948717948717, "Recall-macro": 0.4868421052631579, "F1-micro": 0.46835443037974683, "Precision-micro": 0.46835443037974683, "Recall-micro": 0.46835443037974683, "F1-weighted": 0.30685290266259274, "Precision-weighted": 0.22817267121064588, "Recall-weighted": 0.46835443037974683}