{"F1-binary": 0.6995980537338693, "Precision-binary": 0.8627706757109314, "Recall-binary": 0.5883294787404376, "F1-macro": 0.34979902686693465, "Precision-macro": 0.4313853378554657, "Recall-macro": 0.2941647393702188, "F1-micro": 0.537986009435497, "Precision-micro": 0.537986009435497, "Recall-micro": 0.537986009435497, "F1-weighted": 0.6397333105641906, "Precision-weighted": 0.7889432191591256, "Recall-weighted": 0.537986009435497, "Sample size": 6147, "TP": 3307, "TN": 0, "FP": 526, "FN": 2314}