{"F1-binary": 0.35198261814231396, "Precision-binary": 1.0, "Recall-binary": 0.21357943309162822, "F1-macro": 0.17599130907115698, "Precision-macro": 0.5, "Recall-macro": 0.10678971654581411, "F1-micro": 0.2135794330916282, "Precision-micro": 0.21357943309162822, "Recall-micro": 0.21357943309162822, "F1-weighted": 0.35198261814231396, "Precision-weighted": 1.0, "Recall-weighted": 0.21357943309162822}