{"F1-binary": 0.6779661016949152, "Precision-binary": 1.0, "Recall-binary": 0.5128205128205128, "F1-macro": 0.3389830508474576, "Precision-macro": 0.5, "Recall-macro": 0.2564102564102564, "F1-micro": 0.5128205128205128, "Precision-micro": 0.5128205128205128, "Recall-micro": 0.5128205128205128, "F1-weighted": 0.6779661016949152, "Precision-weighted": 1.0, "Recall-weighted": 0.5128205128205128}