{"F1-binary": 0.7010309278350515, "Precision-binary": 0.5964912280701754, "Recall-binary": 0.85, "F1-macro": 0.35051546391752575, "Precision-macro": 0.2982456140350877, "Recall-macro": 0.425, "F1-micro": 0.5396825396825397, "Precision-micro": 0.5396825396825397, "Recall-micro": 0.5396825396825397, "F1-weighted": 0.4450990018000327, "Precision-weighted": 0.378724589250905, "Recall-weighted": 0.5396825396825397}