{"F1-binary": 0.4461767838125666, "Precision-binary": 0.843996776792909, "Recall-binary": 0.3032426172553561, "F1-macro": 0.2230883919062833, "Precision-macro": 0.4219983883964545, "Recall-macro": 0.15162130862767806, "F1-micro": 0.2871477135650839, "Precision-micro": 0.2871477135650839, "Recall-micro": 0.2871477135650839, "F1-weighted": 0.42249550698777416, "Precision-weighted": 0.7992008079402093, "Recall-weighted": 0.2871477135650839}