{"F1-binary": 0.5974599668691332, "Precision-binary": 0.4623931623931624, "Recall-binary": 0.84399375975039, "F1-macro": 0.2987299834345666, "Precision-macro": 0.2311965811965812, "Recall-macro": 0.421996879875195, "F1-micro": 0.4259842519685039, "Precision-micro": 0.4259842519685039, "Recall-micro": 0.4259842519685039, "F1-weighted": 0.30155262894733414, "Precision-weighted": 0.2333811158220607, "Recall-weighted": 0.4259842519685039}