{"F1-binary": 0.6207778226349078, "Precision-binary": 0.5631103515625, "Recall-binary": 0.6916041979010494, "F1-macro": 0.3103889113174539, "Precision-macro": 0.28155517578125, "Recall-macro": 0.3458020989505247, "F1-micro": 0.4500926919699483, "Precision-micro": 0.4500926919699483, "Recall-micro": 0.4500926919699483, "F1-weighted": 0.40399922694651524, "Precision-weighted": 0.3664695136034613, "Recall-weighted": 0.4500926919699483}