{"F1-binary": 0.7009409108016559, "Precision-binary": 0.6075156576200418, "Recall-binary": 0.8283223625689379, "F1-macro": 0.35047045540082794, "Precision-macro": 0.3037578288100209, "Recall-macro": 0.41416118128446894, "F1-micro": 0.5395758488816781, "Precision-micro": 0.5395758488816781, "Recall-micro": 0.5395758488816781, "F1-weighted": 0.45659854671643385, "Precision-weighted": 0.39574058540760865, "Recall-weighted": 0.5395758488816781, "Sample size": 8629, "TP": 4656, "TN": 0, "FP": 3008, "FN": 965}