{"F1-binary": 0.7013698630136986, "Precision-binary": 0.5663716814159292, "Recall-binary": 0.920863309352518, "F1-macro": 0.3506849315068493, "Precision-macro": 0.2831858407079646, "Recall-macro": 0.460431654676259, "F1-micro": 0.540084388185654, "Precision-micro": 0.540084388185654, "Recall-micro": 0.540084388185654, "F1-weighted": 0.41135194497427896, "Precision-weighted": 0.33217579627347743, "Recall-weighted": 0.540084388185654}