{"F1-binary": 0.26279463471806225, "Precision-binary": 1.0, "Recall-binary": 0.1512743628185907, "F1-macro": 0.13139731735903112, "Precision-macro": 0.5, "Recall-macro": 0.07563718140929535, "F1-micro": 0.1512743628185907, "Precision-micro": 0.1512743628185907, "Recall-micro": 0.1512743628185907, "F1-weighted": 0.26279463471806225, "Precision-weighted": 1.0, "Recall-weighted": 0.1512743628185907}