{"F1-binary": 0.46706586826347307, "Precision-binary": 0.3046875, "Recall-binary": 1.0, "F1-macro": 0.23353293413173654, "Precision-macro": 0.15234375, "Recall-macro": 0.5, "F1-micro": 0.3046875, "Precision-micro": 0.3046875, "Recall-micro": 0.3046875, "F1-weighted": 0.14230913173652696, "Precision-weighted": 0.09283447265625, "Recall-weighted": 0.3046875, "Sample size": 384, "TP": 117, "TN": 0, "FP": 267, "FN": 0}