{"F1-binary": 0.774468085106383, "Precision-binary": 0.7711864406779662, "Recall-binary": 0.7777777777777778, "F1-macro": 0.3872340425531915, "Precision-macro": 0.3855932203389831, "Recall-macro": 0.3888888888888889, "F1-micro": 0.6319444444444444, "Precision-micro": 0.6319444444444444, "Recall-micro": 0.6319444444444444, "F1-weighted": 0.6292553191489362, "Precision-weighted": 0.6265889830508474, "Recall-weighted": 0.6319444444444444}