{"F1-binary": 0.37201907790143085, "Precision-binary": 0.228515625, "Recall-binary": 1.0, "F1-macro": 0.18600953895071543, "Precision-macro": 0.1142578125, "Recall-macro": 0.5, "F1-micro": 0.228515625, "Precision-micro": 0.228515625, "Recall-micro": 0.228515625, "F1-weighted": 0.08501217209856916, "Precision-weighted": 0.052219390869140625, "Recall-weighted": 0.228515625}