{"F1-binary": 0.23878392516462552, "Precision-binary": 1.0, "Recall-binary": 0.13557900621986163, "F1-macro": 0.11939196258231276, "Precision-macro": 0.5, "Recall-macro": 0.06778950310993082, "F1-micro": 0.13557900621986163, "Precision-micro": 0.13557900621986163, "Recall-micro": 0.13557900621986163, "F1-weighted": 0.23878392516462552, "Precision-weighted": 1.0, "Recall-weighted": 0.13557900621986163}