{"F1-binary": 0.6586666666666667, "Precision-binary": 1.0, "Recall-binary": 0.49105367793240556, "F1-macro": 0.32933333333333337, "Precision-macro": 0.5, "Recall-macro": 0.24552683896620278, "F1-micro": 0.49105367793240556, "Precision-micro": 0.49105367793240556, "Recall-micro": 0.49105367793240556, "F1-weighted": 0.6586666666666667, "Precision-weighted": 1.0, "Recall-weighted": 0.49105367793240556}