{"F1-macro": 0.24310193719967363, "Precision-macro": 0.17327991038731635, "Recall-macro": 0.4071674428021867, "F1-micro": 0.32118187262926734, "Precision-micro": 0.32118187262926734, "Recall-micro": 0.32118187262926734, "F1-weighted": 0.19176370019232392, "Precision-weighted": 0.1366866803598252, "Recall-weighted": 0.32118187262926734}