{"F1-binary": 0.47761194029850745, "Precision-binary": 1.0, "Recall-binary": 0.3137254901960784, "F1-macro": 0.23880597014925373, "Precision-macro": 0.5, "Recall-macro": 0.1568627450980392, "F1-micro": 0.3137254901960784, "Precision-micro": 0.3137254901960784, "Recall-micro": 0.3137254901960784, "F1-weighted": 0.47761194029850745, "Precision-weighted": 1.0, "Recall-weighted": 0.3137254901960784}