{"F1-binary": 0.5463917525773196, "Precision-binary": 0.5, "Recall-binary": 0.6022727272727273, "F1-macro": 0.2731958762886598, "Precision-macro": 0.25, "Recall-macro": 0.30113636363636365, "F1-micro": 0.3758865248226951, "Precision-micro": 0.375886524822695, "Recall-micro": 0.375886524822695, "F1-weighted": 0.3410104555092492, "Precision-weighted": 0.3120567375886525, "Recall-weighted": 0.375886524822695}