{"F1-binary": 0.6387596899224806, "Precision-binary": 0.9596273291925466, "Recall-binary": 0.4786986831913246, "F1-macro": 0.3193798449612403, "Precision-macro": 0.4798136645962733, "Recall-macro": 0.2393493415956623, "F1-micro": 0.46924829157175396, "Precision-micro": 0.46924829157175396, "Recall-micro": 0.46924829157175396, "F1-weighted": 0.6261493999164179, "Precision-weighted": 0.9406825223899602, "Recall-weighted": 0.46924829157175396, "Sample size": 1317, "TP": 618, "TN": 0, "FP": 26, "FN": 673}