{"F1-binary": 0.5555555555555555, "Precision-binary": 0.42857142857142855, "Recall-binary": 0.7894736842105263, "F1-macro": 0.27777777777777773, "Precision-macro": 0.21428571428571427, "Recall-macro": 0.39473684210526316, "F1-micro": 0.38461538461538464, "Precision-micro": 0.38461538461538464, "Recall-micro": 0.38461538461538464, "F1-weighted": 0.2706552706552706, "Precision-weighted": 0.20879120879120877, "Recall-weighted": 0.38461538461538464, "Sample size": 78, "TP": 30, "TN": 0, "FP": 40, "FN": 8}