{"F1-binary": 0.5555555555555556, "Precision-binary": 0.3852327447833066, "Recall-binary": 0.995850622406639, "F1-macro": 0.2777777777777778, "Precision-macro": 0.1926163723916533, "Recall-macro": 0.4979253112033195, "F1-micro": 0.38461538461538464, "Precision-micro": 0.38461538461538464, "Recall-micro": 0.38461538461538464, "F1-weighted": 0.21456552706552706, "Precision-weighted": 0.14878380046919373, "Recall-weighted": 0.38461538461538464}