{"F1-binary": 0.5854829034193161, "Precision-binary": 0.41924398625429554, "Recall-binary": 0.9701789264413518, "F1-macro": 0.29274145170965804, "Precision-macro": 0.20962199312714777, "Recall-macro": 0.4850894632206759, "F1-micro": 0.41391009329940626, "Precision-micro": 0.41391009329940626, "Recall-micro": 0.41391009329940626, "F1-weighted": 0.24978617508050552, "Precision-weighted": 0.17886321042061973, "Recall-weighted": 0.41391009329940626}